n,seed,fraction,k_arcs,policy,before,after,improvement_pct,benefit_per_unit,saturated_before,saturated_after
70,0,0.05,20,exact_dual,229767.30823232088,178006.97096184408,22.527285395249184,517.6033727047679,22,22
70,0,0.05,20,utilization,229767.30823232088,177674.3618880632,22.672044489282083,520.9294634425768,22,20
70,0,0.05,20,degree_product,229767.30823232088,227778.70001961186,0.8654878833756064,19.886082127090194,22,23
70,0,0.05,20,early_price_50,229767.30823232088,176632.86511102229,23.125327763153162,531.3444312129859,22,23
70,0,0.05,20,random_0,229767.30823232088,228892.61333719658,0.38068727089751153,8.746948951242958,22,22
70,0,0.05,20,random_1,229767.30823232088,227778.70001961186,0.8654878833756064,19.886082127090194,22,23
70,0,0.05,20,random_2,229767.30823232088,217830.32549553426,5.195248544547937,119.36982736786624,22,24
70,0,0.05,20,random_3,229767.30823232088,216268.66660173176,5.874918296444704,134.98641630589117,22,23
70,0,0.05,20,random_4,229767.30823232088,228670.50475036868,0.47735401976472946,10.968034819522,22,21
70,0,0.05,20,random_5,229767.30823232088,228346.18238892028,0.618506546616145,14.211258434006012,22,24
70,0,0.05,20,random_6,229767.30823232088,227626.3671783166,0.9317866281653693,21.409410540042735,22,22
70,0,0.05,20,random_7,229767.30823232088,227778.70001961186,0.8654878833756064,19.886082127090194,22,23
70,0,0.05,20,random_8,229767.30823232088,229767.30823232088,0.0,0.0,22,22
70,0,0.05,20,random_9,229767.30823232088,229696.00189377912,0.03103415324414379,0.7130633854176267,22,22
70,0,0.1,40,exact_dual,229767.30823232088,173488.40579505317,24.49386854476414,281.39451218633855,22,21
70,0,0.1,40,utilization,229767.30823232088,171318.79419497872,25.43813325185673,292.2425701867108,22,20
70,0,0.1,40,degree_product,229767.30823232088,222403.88587198273,3.204730219014838,36.81711180169077,22,26
70,0,0.1,40,early_price_50,229767.30823232088,172211.00919904193,25.04982082789732,287.78149516639473,22,21
70,0,0.1,40,random_0,229767.30823232088,217885.7072509239,5.171145134965555,59.408004906984864,22,21
70,0,0.1,40,random_1,229767.30823232088,229110.02115857042,0.28606640292180485,3.2864353687522816,22,21
70,0,0.1,40,random_2,229767.30823232088,228991.3089244463,0.3377326887121673,3.879996539372951,22,22
70,0,0.1,40,random_3,229767.30823232088,229726.72842772014,0.017661261261636717,0.20289902300370158,22,22
70,0,0.1,40,random_4,229767.30823232088,227344.2873357372,1.0545542423875764,12.115104482918396,22,22
70,0,0.1,40,random_5,229767.30823232088,216714.419137049,5.680916574116768,65.2644454763594,22,23
70,0,0.1,40,random_6,229767.30823232088,229767.308232321,-5.066661690148961e-14,-5.820766091346741e-13,22,22
70,0,0.1,40,random_7,229767.30823232088,229201.88337713064,0.2460858594463461,2.82712427595121,22,23
70,0,0.1,40,random_8,229767.30823232088,225387.3147667442,1.9062735683650864,21.89996732788335,22,25
70,0,0.1,40,random_9,229767.30823232088,227671.0441280677,0.9123421954064999,10.481320521265879,22,23
70,1,0.05,20,exact_dual,323176.93178194354,227602.22139132317,29.573493956897664,955.7471039062037,24,22
70,1,0.05,20,utilization,323176.93178194354,247489.22491697405,23.419897715978717,756.8770686496948,24,23
70,1,0.05,20,degree_product,323176.93178194354,323176.93178194354,0.0,0.0,24,24
70,1,0.05,20,early_price_50,323176.93178194354,229107.8951924534,29.10759628504708,940.6903658949013,24,26
70,1,0.05,20,random_0,323176.93178194354,322759.1256395624,0.12928092982300637,4.178061423811596,24,23
70,1,0.05,20,random_1,323176.93178194354,320581.98192733305,0.8029502106794468,25.949498546104877,24,22
70,1,0.05,20,random_2,323176.93178194354,300166.31444440724,7.1201298962334985,230.106173375363,24,27
70,1,0.05,20,random_3,323176.93178194354,306763.58565981727,5.078749288083721,164.1334612212627,24,31
70,1,0.05,20,random_4,323176.93178194354,322720.7483840348,0.14115592823826698,4.561833979087533,24,22
70,1,0.05,20,random_5,323176.93178194354,299342.984744718,7.3748911798280705,238.3394703722553,24,28
70,1,0.05,20,random_6,323176.93178194354,316455.7317908438,2.0797276445568498,67.21199991099711,24,26
70,1,0.05,20,random_7,323176.93178194354,312623.706745383,3.265463589363214,105.53225036560558,24,26
70,1,0.05,20,random_8,323176.93178194354,313278.82497292047,3.0627516495210734,98.98106809023069,24,23
70,1,0.05,20,random_9,323176.93178194354,311397.79603302316,3.6447947209512126,117.7913574892038,24,27
70,1,0.1,40,exact_dual,323176.93178194354,222213.57426013332,31.240892400678213,504.8167876090511,24,20
70,1,0.1,40,utilization,323176.93178194354,203969.8396531107,36.88601518417322,596.0354606441641,24,17
70,1,0.1,40,degree_product,323176.93178194354,321444.10675310675,0.5361846278081415,8.664125144183927,24,22
70,1,0.1,40,early_price_50,323176.93178194354,210629.3342574327,34.82538091563102,562.7379876225542,24,20
70,1,0.1,40,random_0,323176.93178194354,322759.1256395624,0.12928092982300637,2.089030711905798,24,23
70,1,0.1,40,random_1,323176.93178194354,316350.3003559738,2.1123510853107015,34.13315712984855,24,23
70,1,0.1,40,random_2,323176.93178194354,322275.65123777965,0.2788814595133328,4.506402720819461,24,22
70,1,0.1,40,random_3,323176.93178194354,322444.091253064,0.22676139811056048,3.6642026443977374,24,23
70,1,0.1,40,random_4,323176.93178194354,306636.4662111265,5.118083608138645,82.70232785408531,24,22
70,1,0.1,40,random_5,323176.93178194354,323176.9317819435,1.8011081605521813e-14,2.9103830456733704e-13,24,24
70,1,0.1,40,random_6,323176.93178194354,319107.22713940276,1.2592806733144921,20.348523212703878,24,24
70,1,0.1,40,random_7,323176.93178194354,323176.93178194354,0.0,0.0,24,24
70,1,0.1,40,random_8,323176.93178194354,295558.42240904813,8.545940832042549,138.09254686447704,24,22
70,1,0.1,40,random_9,323176.93178194354,312092.7498819485,3.4297565234247056,55.420909499975096,24,22
70,2,0.05,20,exact_dual,181820.12743304926,139331.67869877478,23.36839674140026,424.8844873427448,16,9
70,2,0.05,20,utilization,181820.12743304926,135656.19768365915,25.389889667957046,461.6392974939011,16,11
70,2,0.05,20,degree_product,181820.12743304926,181820.12743304926,0.0,0.0,16,16
70,2,0.05,20,early_price_50,181820.12743304926,135689.8195765074,25.371397824769534,461.30307856541856,16,11
70,2,0.05,20,random_0,181820.12743304926,177835.68407171793,2.191420398601636,39.844433613313306,16,14
70,2,0.05,20,random_1,181820.12743304926,180410.49732080242,0.7752882654676965,14.09630112246843,16,15
70,2,0.05,20,random_2,181820.12743304926,163299.60237692983,10.186179779760163,185.20525056119425,16,20
70,2,0.05,20,random_3,181820.12743304926,177977.53403920456,2.1134037513309067,38.42593393844698,16,14
70,2,0.05,20,random_4,181820.12743304926,181820.12743304926,0.0,0.0,16,16
70,2,0.05,20,random_5,181820.12743304926,181820.12743304926,0.0,0.0,16,16
70,2,0.05,20,random_6,181820.12743304926,177626.6347416692,2.3063962997849115,41.93492691380059,16,15
70,2,0.05,20,random_7,181820.12743304926,181820.1274330493,-1.6006935462879635e-14,-2.9103830456733704e-13,16,16
70,2,0.05,20,random_8,181820.12743304926,180643.0690841048,0.6473751644343618,11.77058348944469,16,15
70,2,0.05,20,random_9,181820.12743304926,180560.70661664775,0.6926740367978594,12.594208164015145,16,16
70,2,0.1,40,exact_dual,181820.12743304926,139331.6786987748,23.368396741400243,212.44224367137227,16,9
70,2,0.1,40,utilization,181820.12743304926,129014.22472770614,29.04293570291748,264.0295135267156,16,6
70,2,0.1,40,degree_product,181820.12743304926,181820.12743304926,0.0,0.0,16,16
70,2,0.1,40,early_price_50,181820.12743304926,131643.67121901186,27.59675560810155,250.88228107018702,16,7
70,2,0.1,40,random_0,181820.12743304926,176703.3605060812,2.81419169549982,25.583834634840315,16,14
70,2,0.1,40,random_1,181820.12743304926,181820.12743304926,0.0,0.0,16,16
70,2,0.1,40,random_2,181820.12743304926,164703.2073890461,9.414205283904034,85.58460022001586,16,17
70,2,0.1,40,random_3,181820.12743304926,177626.6347416692,2.3063962997849115,20.967463456900294,16,15
70,2,0.1,40,random_4,181820.12743304926,175976.00305874608,3.2142340107286165,29.220621871515906,16,14
70,2,0.1,40,random_5,181820.12743304926,163253.646580846,10.211455197137024,92.83240426101635,16,18
70,2,0.1,40,random_6,181820.12743304926,180643.0690841048,0.6473751644343618,5.885291744722345,16,15
70,2,0.1,40,random_7,181820.12743304926,181820.1274330493,-1.6006935462879635e-14,-1.4551915228366852e-13,16,16
70,2,0.1,40,random_8,181820.12743304926,177626.6347416692,2.3063962997849115,20.967463456900294,16,15
70,2,0.1,40,random_9,181820.12743304926,180624.16992310816,0.6577695917529719,5.979787549705507,16,14
70,3,0.05,20,exact_dual,153619.57408699958,121740.05338725883,20.75225171610382,318.7952069974075,14,14
70,3,0.05,20,utilization,153619.57408699958,121257.48621671814,21.06638301962338,323.62087870281437,14,12
70,3,0.05,20,degree_product,153619.57408699958,153619.57408699958,0.0,0.0,14,14
70,3,0.05,20,early_price_50,153619.57408699958,129164.4495566912,15.91927635241241,244.55124530308385,14,15
70,3,0.05,20,random_0,153619.57408699958,152062.70133409378,1.0134598811113018,15.568727529057941,14,13
70,3,0.05,20,random_1,153619.57408699958,153517.72219158866,0.06630137859465413,1.0185189541091677,14,13
70,3,0.05,20,random_2,153619.57408699958,152566.05999843025,0.6857941735814782,10.535140885693254,14,13
70,3,0.05,20,random_3,153619.57408699958,153619.57408699958,0.0,0.0,14,14
70,3,0.05,20,random_4,153619.57408699958,153619.57408699958,0.0,0.0,14,14
70,3,0.05,20,random_5,153619.57408699958,146311.89616377925,4.756996604535408,73.07677923220326,14,13
70,3,0.05,20,random_6,153619.57408699958,153118.59702734574,0.32611538121445693,5.009770596538438,14,16
70,3,0.05,20,random_7,153619.57408699958,153619.5740869995,5.6836175916458325e-14,8.731149137020111e-13,14,14
70,3,0.05,20,random_8,153619.57408699958,153619.57408699958,0.0,0.0,14,14
70,3,0.05,20,random_9,153619.57408699958,153157.63449357252,0.30070360250149303,4.619395934270578,14,14
70,3,0.1,40,exact_dual,153619.57408699958,117746.65495446877,23.35178921418884,179.36459566265404,14,13
70,3,0.1,40,utilization,153619.57408699958,112952.72777281539,26.472437875106515,203.33423157092096,14,8
70,3,0.1,40,degree_product,153619.57408699958,153619.57408699958,0.0,0.0,14,14
70,3,0.1,40,early_price_50,153619.57408699958,116463.2884006169,24.1872078523925,185.78142843191338,14,12
70,3,0.1,40,random_0,153619.57408699958,153619.57408699952,3.789078394430555e-14,2.9103830456733704e-13,14,14
70,3,0.1,40,random_1,153619.57408699958,152924.71151456246,0.452326844783205,3.4743128621856156,14,13
70,3,0.1,40,random_2,153619.57408699958,153118.59702734574,0.32611538121445693,2.504885298269219,14,16
70,3,0.1,40,random_3,153619.57408699958,152822.85961915154,0.5186282233778591,3.9835723392401996,14,12
70,3,0.1,40,random_4,153619.57408699958,144856.2198578121,5.704581776944984,43.81677114593738,14,12
70,3,0.1,40,random_5,153619.57408699958,148402.03171212983,3.3964046612412115,26.087711874348752,14,13
70,3,0.1,40,random_6,153619.57408699958,153104.45900539542,0.33531864976558057,2.5755754080208133,14,13
70,3,0.1,40,random_7,153619.57408699958,153354.97939826892,0.1722402176306096,1.322973443653318,14,13
70,3,0.1,40,random_8,153619.57408699958,152981.0308087533,0.4156653096073857,3.19271639123137,14,13
70,3,0.1,40,random_9,153619.57408699958,141604.27137947542,7.821465968080027,60.07651353762078,14,18
70,4,0.05,20,exact_dual,326877.760833747,226148.00169917956,30.815727224036973,1007.2975913456743,29,17
70,4,0.05,20,utilization,326877.760833747,249322.78392226694,23.725987572132574,775.5497691148005,29,23
70,4,0.05,20,degree_product,326877.760833747,325170.43394780945,0.5223135650411839,17.073268859375386,29,27
70,4,0.05,20,early_price_50,326877.760833747,272078.61341565574,16.764415932830193,547.9914741809125,29,23
70,4,0.05,20,random_0,326877.760833747,326565.98513606057,0.09537990498074612,3.117756976864184,29,28
70,4,0.05,20,random_1,326877.760833747,295211.1753140142,9.687592523566847,316.6658551973279,29,27
70,4,0.05,20,random_2,326877.760833747,326603.33193848154,0.08395459347417125,2.7442889526544603,29,27
70,4,0.05,20,random_3,326877.760833747,325068.2331676931,0.5535793140036381,18.095276660539092,29,27
70,4,0.05,20,random_4,326877.760833747,326877.760833747,0.0,0.0,29,29
70,4,0.05,20,random_5,326877.760833747,323394.92324362823,1.065486248203394,34.828375901187535,29,28
70,4,0.05,20,random_6,326877.760833747,326877.760833747,0.0,0.0,29,29
70,4,0.05,20,random_7,326877.760833747,326877.7608337468,5.342149380092488e-14,1.7462298274040222e-12,29,29
70,4,0.05,20,random_8,326877.760833747,324633.96887386637,0.6864315131618365,22.437919598806182,29,28
70,4,0.05,20,random_9,326877.760833747,314878.6855155399,3.67081421740096,119.99075318207092,29,24
70,4,0.1,40,exact_dual,326877.760833747,226030.5438763635,30.851660480100787,504.2360847869175,29,17
70,4,0.1,40,utilization,326877.760833747,224061.20756411104,31.45412921557835,514.0827663481797,29,17
70,4,0.1,40,degree_product,326877.760833747,323284.55849045975,1.099249558649165,17.96601171643619,29,24
70,4,0.1,40,early_price_50,326877.760833747,234460.43137519242,28.272749183924713,462.08664729277285,29,21
70,4,0.1,40,random_0,326877.760833747,307459.16557752417,5.940629061669109,97.09297628111409,29,30
70,4,0.1,40,random_1,326877.760833747,306416.7778414935,6.259521277943452,102.3049149612675,29,25
70,4,0.1,40,random_2,326877.760833747,310247.71681022964,5.08754219959783,83.15022011758673,29,28
70,4,0.1,40,random_3,326877.760833747,293732.4352377886,10.13997572408005,165.72662797979194,29,31
70,4,0.1,40,random_4,326877.760833747,325008.7645269701,0.5717722435474809,9.34498153388442,29,27
70,4,0.1,40,random_5,326877.760833747,319305.66111359757,2.316492777249737,37.860498600747086,29,26
70,4,0.1,40,random_6,326877.760833747,310786.7029722569,4.922652988214184,80.4552893074503,29,29
70,4,0.1,40,random_7,326877.760833747,309194.1924273245,5.409841391876314,88.41784203211253,29,29
70,4,0.1,40,random_8,326877.760833747,323640.79371264717,0.9902683843781502,16.184835605499103,29,26
70,4,0.1,40,random_9,326877.760833747,316826.8417020739,3.074825006766076,50.25459565836529,29,27
70,5,0.05,20,exact_dual,105771.7289945884,65230.724541652315,38.32877162763434,405.41004452936085,16,7
70,5,0.05,20,utilization,105771.7289945884,64944.693946003084,38.59919416716176,408.2703504858531,16,6
70,5,0.05,20,degree_product,105771.7289945884,104686.55583213593,1.0259576663514594,10.85173162452469,16,15
70,5,0.05,20,early_price_50,105771.7289945884,65699.05399010258,37.88599787995908,400.7267500448582,16,8
70,5,0.05,20,random_0,105771.7289945884,105743.46711209147,0.026719694161727203,0.28261882496924956,16,16
70,5,0.05,20,random_1,105771.7289945884,105771.7289945884,0.0,0.0,16,16
70,5,0.05,20,random_2,105771.7289945884,105771.7289945884,0.0,0.0,16,16
70,5,0.05,20,random_3,105771.7289945884,92508.71840870193,12.539277472305521,132.6301058588647,16,13
70,5,0.05,20,random_4,105771.7289945884,105771.7289945884,0.0,0.0,16,16
70,5,0.05,20,random_5,105771.7289945884,99404.12362679116,6.0201392454528415,63.67605367797238,16,16
70,5,0.05,20,random_6,105771.7289945884,105771.7289945884,0.0,0.0,16,16
70,5,0.05,20,random_7,105771.7289945884,98334.7770465876,7.031133951096989,74.36951948000802,16,16
70,5,0.05,20,random_8,105771.7289945884,105771.7289945884,0.0,0.0,16,16
70,5,0.05,20,random_9,105771.7289945884,105403.8140583283,0.34783863302350443,3.6791493626010197,16,16
70,5,0.1,40,exact_dual,105771.7289945884,60026.282969635475,43.249218349539696,228.72723012476462,16,10
70,5,0.1,40,utilization,105771.7289945884,59348.588016445574,43.88993299005065,232.1157048907141,16,7
70,5,0.1,40,degree_product,105771.7289945884,102572.41414928973,3.0247353198342357,15.99657422649332,16,13
70,5,0.1,40,early_price_50,105771.7289945884,59930.04429435789,43.34020549345082,229.20842350115254,16,10
70,5,0.1,40,random_0,105771.7289945884,105771.7289945884,0.0,0.0,16,16
70,5,0.1,40,random_1,105771.7289945884,105743.46711209147,0.026719694161727203,0.14130941248462478,16,16
70,5,0.1,40,random_2,105771.7289945884,101847.01051231667,3.7105552869165304,19.623592411358622,16,15
70,5,0.1,40,random_3,105771.7289945884,103406.55550278358,2.236111212596162,11.825867459024085,16,15
70,5,0.1,40,random_4,105771.7289945884,98334.7770465876,7.031133951096989,37.18475974000401,16,16
70,5,0.1,40,random_5,105771.7289945884,94844.66137863527,10.33080173674025,54.635338079765646,16,14
70,5,0.1,40,random_6,105771.7289945884,98962.82718429215,6.437355118440587,34.04450905148122,16,16
70,5,0.1,40,random_7,105771.7289945884,105771.7289945884,0.0,0.0,16,16
70,5,0.1,40,random_8,105771.7289945884,98588.55339361496,6.791205617278839,35.91587800486719,16,18
70,5,0.1,40,random_9,105771.7289945884,105771.7289945884,0.0,0.0,16,16
70,6,0.05,20,exact_dual,302492.25782905356,271496.5275551535,10.246784660325622,309.95730273900085,29,16
70,6,0.05,20,utilization,302492.25782905356,269075.80572480103,11.047043763724048,334.1645210425253,29,17
70,6,0.05,20,degree_product,302492.25782905356,300735.1718990654,0.5808697196412747,17.57085929988185,29,25
70,6,0.05,20,early_price_50,302492.25782905356,277297.9820093486,8.328899390854142,251.94275819704984,29,22
70,6,0.05,20,random_0,302492.25782905356,299203.3173541494,1.087280877371351,32.889404749041425,29,28
70,6,0.05,20,random_1,302492.25782905356,301738.02896023454,0.24933823901213742,7.542288688190165,29,27
70,6,0.05,20,random_2,302492.25782905356,300129.167505738,0.781206877913229,23.63090323315584,29,30
70,6,0.05,20,random_3,302492.25782905356,301588.17632450577,0.2988775683173731,9.040815045477938,29,29
70,6,0.05,20,random_4,302492.25782905356,302492.25782905356,0.0,0.0,29,29
70,6,0.05,20,random_5,302492.25782905356,302492.25782905356,0.0,0.0,29,29
70,6,0.05,20,random_6,302492.25782905356,299203.3173541494,1.087280877371351,32.889404749041425,29,28
70,6,0.05,20,random_7,302492.25782905356,301657.9238966165,0.2758199295495904,8.343339324370609,29,29
70,6,0.05,20,random_8,302492.25782905356,295060.72888057586,2.456766662992564,74.31528948477703,29,29
70,6,0.05,20,random_9,302492.25782905356,287248.63922512357,5.0393417383080825,152.43618603929994,29,23
70,6,0.1,40,exact_dual,302492.25782905356,255753.6307574361,15.451181265614641,233.69313535808732,29,13
70,6,0.1,40,utilization,302492.25782905356,262134.98909370237,13.341587326892231,201.78634367675593,29,12
70,6,0.1,40,degree_product,302492.25782905356,300170.58751950506,0.767513960922774,11.608351547742496,29,24
70,6,0.1,40,early_price_50,302492.25782905356,270110.86852731503,10.704865484536834,161.90694650869264,29,19
70,6,0.1,40,random_0,302492.25782905356,298525.23860750487,1.3114448779679373,19.835096107743446,29,25
70,6,0.1,40,random_1,302492.25782905356,292094.5332668316,3.437352293524813,51.98862281110982,29,24
70,6,0.1,40,random_2,302492.25782905356,298426.0123222736,1.3442477952866922,20.331227533899945,29,29
70,6,0.1,40,random_3,302492.25782905356,294312.74317991437,2.704040991938926,40.897573245695966,29,24
70,6,0.1,40,random_4,302492.25782905356,298385.99475268926,1.3574770824993658,20.53131538182148,29,26
70,6,0.1,40,random_5,302492.25782905356,300902.81770139176,0.5254482012429013,7.947200638309004,29,26
70,6,0.1,40,random_6,302492.25782905356,294987.0063110238,2.4811383841338497,37.52625759014889,29,26
70,6,0.1,40,random_7,302492.25782905356,288442.2705322462,4.644742777101875,70.24993648403674,29,26
70,6,0.1,40,random_8,302492.25782905356,293722.7847036326,2.8990735790589524,43.847365627104885,29,28
70,6,0.1,40,random_9,302492.25782905356,297238.18857864774,1.7369268516535186,26.27034625202912,29,29
70,7,0.05,20,exact_dual,380750.65270820184,325448.4486877549,14.52451982080493,553.0220402044692,29,33
70,7,0.05,20,utilization,380750.65270820184,331662.07024816953,12.892579989259433,490.8858246003231,29,31
70,7,0.05,20,degree_product,380750.65270820184,371451.4268916663,2.442340085405509,92.99225816535531,29,29
70,7,0.05,20,early_price_50,380750.65270820184,350855.35367053223,7.851673746329897,298.9529903766961,29,30
70,7,0.05,20,random_0,380750.65270820184,378467.7010757156,0.5995923096252308,22.82951632486249,29,28
70,7,0.05,20,random_1,380750.65270820184,371451.42689166655,2.4423400854054482,92.99225816535298,29,29
70,7,0.05,20,random_2,380750.65270820184,379338.48799405026,0.3708896371174011,14.12164714151586,29,27
70,7,0.05,20,random_3,380750.65270820184,369724.98607179074,2.8957709088580095,110.25666636411101,29,26
70,7,0.05,20,random_4,380750.65270820184,379512.2645619972,0.3252491197050454,12.38388146204641,29,29
70,7,0.05,20,random_5,380750.65270820184,379270.92168723926,0.3886351895755296,14.797310209625866,29,30
70,7,0.05,20,random_6,380750.65270820184,380631.30544469896,0.03134525513062042,1.1934726350288838,29,29
70,7,0.05,20,random_7,380750.65270820184,371810.9778500702,2.347907953550581,89.3967485813162,29,29
70,7,0.05,20,random_8,380750.65270820184,379161.3471209226,0.41741375253721935,15.89305587279261,29,30
70,7,0.05,20,random_9,380750.65270820184,380656.91120388464,0.024620182171834374,0.9374150431720772,29,28
70,7,0.1,40,exact_dual,380750.65270820184,306562.4037538007,19.484733230715488,370.9412447720056,29,31
70,7,0.1,40,utilization,380750.65270820184,297177.55329942267,21.94956169197367,417.86549704389586,29,26
70,7,0.1,40,degree_product,380750.65270820184,371451.4268916663,2.442340085405509,46.496129082677655,29,29
70,7,0.1,40,early_price_50,380750.65270820184,320141.0280630545,15.918455875004664,303.0481232257368,29,29
70,7,0.1,40,random_0,380750.65270820184,379143.3419922486,0.4221426029136821,8.036553579766187,29,28
70,7,0.1,40,random_1,380750.65270820184,379441.74537404,0.34377021414195164,6.544536670809321,29,28
70,7,0.1,40,random_2,380750.65270820184,378356.5752188185,0.6287783021131438,11.970387446916721,29,29
70,7,0.1,40,random_3,380750.65270820184,376700.50408227224,1.0637272968862233,20.250743129648036,29,33
70,7,0.1,40,random_4,380750.65270820184,366799.5299684073,3.6641099996974535,69.75561369897274,29,34
70,7,0.1,40,random_5,380750.65270820184,380584.2390544325,0.04370672842861576,0.8320682688467786,29,27
70,7,0.1,40,random_6,380750.65270820184,380750.65270820184,0.0,0.0,29,29
70,7,0.1,40,random_7,380750.65270820184,378135.0988412809,0.6869466534901602,13.077769334604673,29,27
70,7,0.1,40,random_8,380750.65270820184,365909.1481630669,3.897959055242679,74.20752272567479,29,33
70,7,0.1,40,random_9,380750.65270820184,375514.0355136243,1.375340306662782,26.18308597288764,29,27
70,8,0.05,20,exact_dual,275597.4308610623,261876.24157017635,4.978707257181675,137.2118929088596,11,8
70,8,0.05,20,utilization,275597.4308610623,256799.98528291605,6.820617129635968,187.9744557814626,11,7
70,8,0.05,20,degree_product,275597.4308610623,273530.3429175391,0.7500389016925479,20.67087943523191,11,9
70,8,0.05,20,early_price_50,275597.4308610623,259396.01389508645,5.878653119282352,162.01416965975864,11,10
70,8,0.05,20,random_0,275597.4308610623,273544.62423361803,0.7448569535030135,20.528066274442825,11,10
70,8,0.05,20,random_1,275597.4308610623,275597.4308610623,0.0,0.0,11,11
70,8,0.05,20,random_2,275597.4308610623,274173.23229109216,0.5167677236759628,14.241985699701472,11,12
70,8,0.05,20,random_3,275597.4308610623,275597.4308610623,0.0,0.0,11,11
70,8,0.05,20,random_4,275597.4308610623,275587.6495951705,0.003549113597045261,0.09781265891797375,11,11
70,8,0.05,20,random_5,275597.4308610623,274338.4399230724,0.4568224507958502,12.589909379899035,11,11
70,8,0.05,20,random_6,275597.4308610623,275597.4308610623,0.0,0.0,11,11
70,8,0.05,20,random_7,275597.4308610623,275587.6495951705,0.003549113597045261,0.09781265891797375,11,11
70,8,0.05,20,random_8,275597.4308610623,275597.4308610623,0.0,0.0,11,11
70,8,0.05,20,random_9,275597.4308610623,275597.43086106225,2.1120538290798433e-14,5.820766091346741e-13,11,11
70,8,0.1,40,exact_dual,275597.4308610623,260374.21663112464,5.523714129836062,76.11607114968837,11,7
70,8,0.1,40,utilization,275597.4308610623,256712.67624014916,6.852297048601145,94.42377310456577,11,6
70,8,0.1,40,degree_product,275597.4308610623,273530.3429175391,0.7500389016925479,10.335439717615955,11,9
70,8,0.1,40,early_price_50,275597.4308610623,255845.62964108438,7.166903246618239,98.75900609988966,11,5
70,8,0.1,40,random_0,275597.4308610623,274573.036524865,0.3716995231039447,5.121971680986462,11,10
70,8,0.1,40,random_1,275597.4308610623,275482.8666666434,0.04156939854662613,0.5728209720944869,11,11
70,8,0.1,40,random_2,275597.4308610623,273530.3429175392,0.7500389016925268,10.335439717615664,11,9
70,8,0.1,40,random_3,275597.4308610623,275587.6495951705,0.003549113597045261,0.048906329458986875,11,11
70,8,0.1,40,random_4,275597.4308610623,273511.98233596364,0.7567010035554429,10.427242625493381,11,8
70,8,0.1,40,random_5,275597.4308610623,273530.34291753924,0.7500389016925056,10.335439717615373,11,9
70,8,0.1,40,random_6,275597.4308610623,275505.4402013662,0.03337863470232554,0.459953298480541,11,10
70,8,0.1,40,random_7,275597.4308610623,273511.98233596364,0.7567010035554429,10.427242625493381,11,8
70,8,0.1,40,random_8,275597.4308610623,274989.48514227854,0.22059193980304342,3.039728593918844,11,11
70,8,0.1,40,random_9,275597.4308610623,275597.4308610623,0.0,0.0,11,11
70,9,0.05,20,exact_dual,136380.22400795488,121180.40211148746,11.145180327303782,151.99821896467415,22,12
70,9,0.05,20,utilization,136380.22400795488,121946.68695562232,10.583306456140345,144.33537052332554,22,14
70,9,0.05,20,degree_product,136380.22400795488,136051.88376800326,0.24075355671249538,3.283402399516199,22,22
70,9,0.05,20,early_price_50,136380.22400795488,116312.27993866523,14.714702380983852,200.67944069289646,22,13
70,9,0.05,20,random_0,136380.22400795488,135528.31953798904,0.6246539600317347,8.519044699658407,22,25
70,9,0.05,20,random_1,136380.22400795488,136380.22400795488,0.0,0.0,22,22
70,9,0.05,20,random_2,136380.22400795488,132654.12158067513,2.7321427680470833,37.26102427279751,22,22
70,9,0.05,20,random_3,136380.22400795488,135811.7341334413,0.4168418688624736,5.68489874513587,22,22
70,9,0.05,20,random_4,136380.22400795488,136300.1477743753,0.05871542898690554,0.8007623357957345,22,23
70,9,0.05,20,random_5,136380.22400795488,134439.94680613026,1.4226968872784986,19.40277201824618,22,22
70,9,0.05,20,random_6,136380.22400795488,131401.91618503595,3.6503150358724654,49.78307822918927,22,26
70,9,0.05,20,random_7,136380.22400795488,136299.1975293784,0.059412190561989195,0.8102647857647389,22,21
70,9,0.05,20,random_8,136380.22400795488,131158.45116317525,3.828834336329471,52.217728447796254,22,26
70,9,0.05,20,random_9,136380.22400795488,135538.34021024598,0.6173063608253003,8.418837977088987,22,25
70,9,0.1,40,exact_dual,136380.22400795488,120165.19104472379,11.889577892382174,81.07516481615545,22,11
70,9,0.1,40,utilization,136380.22400795488,114911.93052651938,15.741500380717426,107.34146740717748,22,10
70,9,0.1,40,degree_product,136380.22400795488,135596.76567695523,0.5744662297621349,3.917291654998262,22,20
70,9,0.1,40,early_price_50,136380.22400795488,114284.6472183843,16.20145219022501,110.4778839478529,22,11
70,9,0.1,40,random_0,136380.22400795488,136380.2240079549,-2.1340213119928674e-14,-1.4551915228366852e-13,22,22
70,9,0.1,40,random_1,136380.22400795488,133295.57621429613,2.261799917177745,15.423238968293736,22,21
70,9,0.1,40,random_2,136380.22400795488,131273.1960143571,3.744698346660512,25.535139967988943,22,21
70,9,0.1,40,random_3,136380.22400795488,134950.4923104653,1.0483423882675038,7.148658487447829,22,21
70,9,0.1,40,random_4,136380.22400795488,131408.44623418618,3.645526915602296,24.858888868843497,22,22
70,9,0.1,40,random_5,136380.22400795488,134999.29844163678,1.0125555786134712,6.904627831590478,22,21
70,9,0.1,40,random_6,136380.22400795488,130551.50542267716,4.273873743555178,29.143592926388592,22,21
70,9,0.1,40,random_7,136380.22400795488,131409.20798870162,3.6449683635681014,24.85508009626632,22,22
70,9,0.1,40,random_8,136380.22400795488,136035.5396269835,0.2527378023306994,1.7234219048569503,22,22
70,9,0.1,40,random_9,136380.22400795488,136164.30918976324,0.1583182750741375,1.0795740909581946,22,22
70,10,0.05,20,exact_dual,371954.65712633904,342588.83508207306,7.8950005011743976,293.6582204426598,17,13
70,10,0.05,20,utilization,371954.65712633904,341332.6864187719,8.232716036988881,306.2197070756712,17,13
70,10,0.05,20,degree_product,371954.65712633904,371954.65712633904,0.0,0.0,17,17
70,10,0.05,20,early_price_50,371954.65712633904,345752.9077012446,7.044339658904905,262.0174942509446,17,13
70,10,0.05,20,random_0,371954.65712633904,371461.1585457975,0.1326770806834923,4.934985805415199,17,15
70,10,0.05,20,random_1,371954.65712633904,371954.65712633904,0.0,0.0,17,17
70,10,0.05,20,random_2,371954.65712633904,371954.65712633915,-3.1298256278423983e-14,-1.1641532182693482e-12,17,17
70,10,0.05,20,random_3,371954.65712633904,369300.98370160157,0.7134400319757568,26.536734247374696,17,13
70,10,0.05,20,random_4,371954.65712633904,366813.91170272534,1.382089274894488,51.407454236136985,17,17
70,10,0.05,20,random_5,371954.65712633904,370278.9434543803,0.4505155775988946,16.75713671958714,17,17
70,10,0.05,20,random_6,371954.65712633904,370929.76121555263,0.27554323924980134,10.248959107864065,17,19
70,10,0.05,20,random_7,371954.65712633904,371954.65712633915,-3.1298256278423983e-14,-1.1641532182693482e-12,17,17
70,10,0.05,20,random_8,371954.65712633904,371954.65712633904,0.0,0.0,17,17
70,10,0.05,20,random_9,371954.65712633904,371841.12543716986,0.030522991712566172,1.135316891691764,17,16
70,10,0.1,40,exact_dual,371954.65712633904,341486.00867994997,8.191495351015327,152.34324223194534,17,14
70,10,0.1,40,utilization,371954.65712633904,327065.9660489813,12.068323441400207,224.4434553867887,17,11
70,10,0.1,40,degree_product,371954.65712633904,371950.1639900173,0.0012079795845094604,0.022465681608591696,17,15
70,10,0.1,40,early_price_50,371954.65712633904,343083.31324578886,7.7620600595797,144.35671940275088,17,15
70,10,0.1,40,random_0,371954.65712633904,370584.58302607876,0.3683443866102504,6.850370501301367,17,17
70,10,0.1,40,random_1,371954.65712633904,366811.24160274904,1.3828071312044283,25.717077617949982,17,16
70,10,0.1,40,random_2,371954.65712633904,371954.6571263391,-1.5649128139211992e-14,-2.9103830456733704e-13,17,17
70,10,0.1,40,random_3,371954.65712633904,371817.4423391256,0.0368901920125216,0.6860739360671141,17,15
70,10,0.1,40,random_4,371954.65712633904,370979.71427582233,0.2621133602813179,4.874714252583508,17,18
70,10,0.1,40,random_5,371954.65712633904,360370.0847786582,3.11451197766453,57.922861738404315,17,11
70,10,0.1,40,random_6,371954.65712633904,371552.2360525309,0.10819089534116864,2.0121053690408006,17,16
70,10,0.1,40,random_7,371954.65712633904,371937.4421668082,0.004628241427021855,0.08607479765429162,17,15
70,10,0.1,40,random_8,371954.65712633904,371941.11345391633,0.0036412159824372207,0.0677183621135191,17,16
70,10,0.1,40,random_9,371954.65712633904,365527.3685655862,1.7279763642184232,32.136442803764076,17,17
70,11,0.05,20,exact_dual,446687.7868447025,313651.2138916807,29.782899123515524,1330.365729530218,35,25
70,11,0.05,20,utilization,446687.7868447025,359065.13574247825,19.616083914263708,876.2265110222424,35,27
70,11,0.05,20,degree_product,446687.7868447025,446687.7868447025,0.0,0.0,35,35
70,11,0.05,20,early_price_50,446687.7868447025,321704.90149133047,27.97991998756486,1249.8288535337203,35,27
70,11,0.05,20,random_0,446687.7868447025,433491.3423101755,2.9542881903585507,131.9644453452702,35,35
70,11,0.05,20,random_1,446687.7868447025,446467.40440896916,0.04933701843295644,2.2038243573333602,35,35
70,11,0.05,20,random_2,446687.7868447025,446685.03592335846,0.0006158487930612938,0.02750921344035305,35,34
70,11,0.05,20,random_3,446687.7868447025,446685.03592335846,0.0006158487930612938,0.02750921344035305,35,34
70,11,0.05,20,random_4,446687.7868447025,438290.5088761187,1.879898715812268,83.97277968583803,35,36
70,11,0.05,20,random_5,446687.7868447025,440276.05321404134,1.435394881949232,64.11733630661155,35,35
70,11,0.05,20,random_6,446687.7868447025,446687.7868447025,0.0,0.0,35,35
70,11,0.05,20,random_7,446687.7868447025,441727.1424724768,1.1105395129037456,49.606443722256806,35,35
70,11,0.05,20,random_8,446687.7868447025,430278.94986355444,3.673446524485529,164.0883698114805,35,35
70,11,0.05,20,random_9,446687.7868447025,446687.7868447025,0.0,0.0,35,35
70,11,0.1,40,exact_dual,446687.7868447025,304572.02095867146,31.815458150289576,710.5788294301551,35,19
70,11,0.1,40,utilization,446687.7868447025,295295.43922645703,33.892206609821464,756.9617380912273,35,14
70,11,0.1,40,degree_product,446687.7868447025,443150.6846158533,0.7918511168246738,17.685511144245975,35,36
70,11,0.1,40,early_price_50,446687.7868447025,306529.8215476786,31.377165309816682,700.7898264851194,35,18
70,11,0.1,40,random_0,446687.7868447025,431608.3926476705,3.3758241530508966,75.39697098515985,35,35
70,11,0.1,40,random_1,446687.7868447025,440491.1551978985,1.3872399983387809,30.98315823401994,35,38
70,11,0.1,40,random_2,446687.7868447025,421525.07550352527,5.6331764785692275,125.81355670588614,35,35
70,11,0.1,40,random_3,446687.7868447025,432017.87628395593,3.284153046666299,73.3495528037328,35,35
70,11,0.1,40,random_4,446687.7868447025,444851.66581911064,0.4110524352057582,9.180605127959279,35,34
70,11,0.1,40,random_5,446687.7868447025,421470.2835054311,5.645442763815399,126.08751669635706,35,34
70,11,0.1,40,random_6,446687.7868447025,440925.88868489774,1.2899162075832535,28.80949079902377,35,35
70,11,0.1,40,random_7,446687.7868447025,435106.6941585212,2.592659353412687,57.90546343090653,35,37
70,11,0.1,40,random_8,446687.7868447025,441213.65064004064,1.2254949353618712,27.3706810233093,35,35
70,11,0.1,40,random_9,446687.7868447025,435914.41919283924,2.4118339406509843,53.86683825931628,35,31
70,12,0.05,20,exact_dual,180267.8216824696,154851.23164324768,14.099349402463874,254.16590039221919,12,5
70,12,0.05,20,utilization,180267.8216824696,153298.69335020529,14.960589239142596,269.69128332264313,12,5
70,12,0.05,20,degree_product,180267.8216824696,180095.92314210965,0.09535730711981381,1.7189854035995085,12,12
70,12,0.05,20,early_price_50,180267.8216824696,157456.28200415062,12.654249363760588,228.1153967831898,12,6
70,12,0.05,20,random_0,180267.8216824696,180267.8216824696,0.0,0.0,12,12
70,12,0.05,20,random_1,180267.8216824696,180267.8216824696,0.0,0.0,12,12
70,12,0.05,20,random_2,180267.8216824696,180258.90960704823,0.004943797144819058,0.08912075421365444,12,11
70,12,0.05,20,random_3,180267.8216824696,179052.996438101,0.6739002185916714,12.148252443686069,12,11
70,12,0.05,20,random_4,180267.8216824696,180267.8216824696,0.0,0.0,12,12
70,12,0.05,20,random_5,180267.8216824696,180267.8216824696,0.0,0.0,12,12
70,12,0.05,20,random_6,180267.8216824696,176053.02260821313,2.338076221767729,42.14799074256472,12,14
70,12,0.05,20,random_7,180267.8216824696,174156.91757967207,3.3899028932415374,61.10904102797533,12,8
70,12,0.05,20,random_8,180267.8216824696,176053.02260821313,2.338076221767729,42.14799074256472,12,14
70,12,0.05,20,random_9,180267.8216824696,180267.8216824696,0.0,0.0,12,12
70,12,0.1,40,exact_dual,180267.8216824696,153743.855608292,14.713644302474503,132.61983037088794,12,5
70,12,0.1,40,utilization,180267.8216824696,153125.64687368224,15.056583341089341,135.71087404393677,12,5
70,12,0.1,40,degree_product,180267.8216824696,180095.92314210965,0.09535730711981381,0.8594927017997542,12,12
70,12,0.1,40,early_price_50,180267.8216824696,152479.20773777372,15.415182635114867,138.94306972347943,12,5
70,12,0.1,40,random_0,180267.8216824696,180025.53927860534,0.13440135993378935,1.2114120193212876,12,12
70,12,0.1,40,random_1,180267.8216824696,180025.53927860534,0.13440135993378935,1.2114120193212876,12,12
70,12,0.1,40,random_2,180267.8216824696,174578.98379962443,3.1557700258150883,28.44418941422584,12,13
70,12,0.1,40,random_3,180267.8216824696,180267.8216824696,0.0,0.0,12,12
70,12,0.1,40,random_4,180267.8216824696,175496.33220210564,2.6468891873385143,23.857447401819808,12,13
70,12,0.1,40,random_5,180267.8216824696,179928.3033372406,0.18834107055836494,1.6975917261450377,12,12
70,12,0.1,40,random_6,180267.8216824696,176053.02260821316,2.338076221767713,21.073995371282216,12,14
70,12,0.1,40,random_7,180267.8216824696,178831.13967447606,0.7969708595714697,7.183410039967712,12,9
70,12,0.1,40,random_8,180267.8216824696,174667.38791663598,3.1067295946463624,28.002168829168077,12,13
70,12,0.1,40,random_9,180267.8216824696,178552.77501828273,0.9513881336003585,8.575233320934348,12,11
70,13,0.05,20,exact_dual,316905.4110462451,264263.503361524,16.61123661818421,526.4190768472105,17,10
70,13,0.05,20,utilization,316905.4110462451,262948.4267995644,17.026211091992653,539.5698424668069,17,9
70,13,0.05,20,degree_product,316905.4110462451,316905.4110462451,0.0,0.0,17,17
70,13,0.05,20,early_price_50,316905.4110462451,265126.8755129777,16.338798180290922,517.7853553326736,17,12
70,13,0.05,20,random_0,316905.4110462451,316905.4110462451,0.0,0.0,17,17
70,13,0.05,20,random_1,316905.4110462451,310170.54855452135,2.1251964330583593,67.34862491723732,17,18
70,13,0.05,20,random_2,316905.4110462451,312108.1718741744,1.5137763524557324,47.972391720706945,17,16
70,13,0.05,20,random_3,316905.4110462451,315641.8002653157,0.3987343658026069,12.636107809293899,17,17
70,13,0.05,20,random_4,316905.4110462451,314439.2732325992,0.7781936589545971,24.661378136458808,17,17
70,13,0.05,20,random_5,316905.4110462451,316905.4110462451,0.0,0.0,17,17
70,13,0.05,20,random_6,316905.4110462451,316905.4110462451,0.0,0.0,17,17
70,13,0.05,20,random_7,316905.4110462451,313296.6371251554,1.1387542766074878,36.087739210896544,17,17
70,13,0.05,20,random_8,316905.4110462451,306020.96670470346,3.4346035006493727,108.84444341541617,17,17
70,13,0.05,20,random_9,316905.4110462451,316905.4110462451,0.0,0.0,17,17
70,13,0.1,40,exact_dual,316905.4110462451,260422.72773121856,17.823199398379526,282.4134165751326,17,9
70,13,0.1,40,utilization,316905.4110462451,259875.64986747867,17.995830677199834,285.14880589383205,17,8
70,13,0.1,40,degree_product,316905.4110462451,311408.8597315625,1.7344453969832934,27.482756573412917,17,15
70,13,0.1,40,early_price_50,316905.4110462451,261755.1303945074,17.402757646094518,275.75140325868836,17,11
70,13,0.1,40,random_0,316905.4110462451,309642.0340605283,2.2919700114103847,36.31688492858375,17,16
70,13,0.1,40,random_1,316905.4110462451,316442.4333893129,0.14609332652405782,2.3148882846609924,17,16
70,13,0.1,40,random_2,316905.4110462451,314675.22460988787,0.7037388314053636,11.150932181786047,17,15
70,13,0.1,40,random_3,316905.4110462451,304581.1912618093,3.8889269021150668,61.62109892217879,17,15
70,13,0.1,40,random_4,316905.4110462451,316905.4110462451,0.0,0.0,17,17
70,13,0.1,40,random_5,316905.4110462451,316905.4110462451,0.0,0.0,17,17
70,13,0.1,40,random_6,316905.4110462451,316905.4110462451,0.0,0.0,17,17
70,13,0.1,40,random_7,316905.4110462451,313066.346470598,1.2114228542114853,19.19532287823531,17,16
70,13,0.1,40,random_8,316905.4110462451,292750.61396697426,7.622084141613469,120.7739853963541,17,15
70,13,0.1,40,random_9,316905.4110462451,316136.54145405715,0.24261800694710361,3.844347960939631,17,15
70,14,0.05,20,exact_dual,198396.18862072378,157566.50064457237,20.5798751780489,408.29687976151416,16,8
70,14,0.05,20,utilization,198396.18862072378,157566.5006445724,20.579875178048887,408.2968797615138,16,8
70,14,0.05,20,degree_product,198396.18862072378,198396.18862072378,0.0,0.0,16,16
70,14,0.05,20,early_price_50,198396.18862072378,168998.71681275422,14.817558750671886,293.9747180796956,16,10
70,14,0.05,20,random_0,198396.18862072378,189910.73563676968,4.277024192322486,84.85452983954106,16,15
70,14,0.05,20,random_1,198396.18862072378,187916.73371886456,5.282084789387216,104.79454901859222,16,16
70,14,0.05,20,random_2,198396.18862072378,198396.18862072378,0.0,0.0,16,16
70,14,0.05,20,random_3,198396.18862072378,196771.94572924162,0.8186865396831026,16.242428914821648,16,16
70,14,0.05,20,random_4,198396.18862072378,198396.18862072378,0.0,0.0,16,16
70,14,0.05,20,random_5,198396.18862072378,198396.18862072378,0.0,0.0,16,16
70,14,0.05,20,random_6,198396.18862072378,187141.67339288694,5.672747700487448,112.54515227836848,16,14
70,14,0.05,20,random_7,198396.18862072378,196254.0180796271,1.0797437974939599,21.421705410966823,16,15
70,14,0.05,20,random_8,198396.18862072378,196959.24910509103,0.7242777825635377,14.369395156327519,16,15
70,14,0.05,20,random_9,198396.18862072378,198187.21820009302,0.105329856426958,2.0897042063076516,16,15
70,14,0.1,40,exact_dual,198396.18862072378,157566.50064457237,20.5798751780489,204.14843988075708,16,8
70,14,0.1,40,utilization,198396.18862072378,156254.85676103627,21.24099870701124,210.7066592984376,16,8
70,14,0.1,40,degree_product,198396.18862072378,198396.18862072378,0.0,0.0,16,16
70,14,0.1,40,early_price_50,198396.18862072378,155966.75106946635,21.38621605900417,212.14718775628717,16,6
70,14,0.1,40,random_0,198396.18862072378,184621.46815192493,6.943036841868039,68.87360234399428,16,14
70,14,0.1,40,random_1,198396.18862072378,193514.233468926,2.4607101506020785,24.40977575898898,16,14
70,14,0.1,40,random_2,198396.18862072378,190583.3381104842,3.938004335947948,39.06425255119786,16,16
70,14,0.1,40,random_3,198396.18862072378,198196.74869465674,0.10052608744834236,0.9971996303352353,16,15
70,14,0.1,40,random_4,198396.18862072378,198396.18862072378,0.0,0.0,16,16
70,14,0.1,40,random_5,198396.18862072378,198396.1886207238,-1.4669551194036203e-14,-1.4551915228366852e-13,16,16
70,14,0.1,40,random_6,198396.18862072378,188106.7583980921,5.1863043812308876,51.44715111315847,16,13
70,14,0.1,40,random_7,198396.18862072378,198232.61205926057,0.08244944754252417,0.8178828073160548,16,17
70,14,0.1,40,random_8,198396.18862072378,198009.4864985734,0.19491408823869052,1.9335106107519824,16,15
70,14,0.1,40,random_9,198396.18862072378,193342.71114166142,2.547164597361874,25.267387395311815,16,15
70,15,0.05,20,exact_dual,353320.50763793674,318848.43145050766,9.756602133820703,344.72076187429076,18,16
70,15,0.05,20,utilization,353320.50763793674,318461.61896562425,9.866081339392261,348.5888867231249,18,17
70,15,0.05,20,degree_product,353320.50763793674,349150.0437714394,1.1803628083685966,41.70463866497332,18,16
70,15,0.05,20,early_price_50,353320.50763793674,320023.46220521734,9.424034187916533,332.97045432719403,18,14
70,15,0.05,20,random_0,353320.50763793674,345511.81656628323,2.210087131329331,78.08691071653506,18,19
70,15,0.05,20,random_1,353320.50763793674,353075.91759906616,0.06922610875483627,2.445900388705777,18,19
70,15,0.05,20,random_2,353320.50763793674,349810.98131383443,0.9932982230679556,35.095263241023055,18,16
70,15,0.05,20,random_3,353320.50763793674,353320.50763793674,0.0,0.0,18,18
70,15,0.05,20,random_4,353320.50763793674,351739.94325115904,0.44734578169387523,15.805643867776961,18,17
70,15,0.05,20,random_5,353320.50763793674,352528.48942695337,0.22416423441658412,7.920182109833695,18,18
70,15,0.05,20,random_6,353320.50763793674,352352.56863595196,0.2739549448900566,9.679390019847778,18,20
70,15,0.05,20,random_7,353320.50763793674,353320.5076379368,-1.6474464305116245e-14,-5.820766091346741e-13,18,18
70,15,0.05,20,random_8,353320.50763793674,353320.5076379368,-1.6474464305116245e-14,-5.820766091346741e-13,18,18
70,15,0.05,20,random_9,353320.50763793674,352520.0824065548,0.22654366618373342,8.004252313819597,18,18
70,15,0.1,40,exact_dual,353320.50763793674,316773.53922874585,10.343857098338088,182.73484204595442,18,18
70,15,0.1,40,utilization,353320.50763793674,309455.7217666148,12.415012693311342,219.3239293566096,18,14
70,15,0.1,40,degree_product,353320.50763793674,345881.76475174836,2.1053810139464626,37.19371443094191,18,14
70,15,0.1,40,early_price_50,353320.50763793674,318384.2307751259,9.887984452521955,174.68138431405416,18,15
70,15,0.1,40,random_0,353320.50763793674,342435.586625008,3.080749851090719,54.42460506464354,18,19
70,15,0.1,40,random_1,353320.50763793674,350866.782345214,0.6944757634156901,12.268626463613764,18,17
70,15,0.1,40,random_2,353320.50763793674,353320.5076379368,-1.6474464305116245e-14,-2.9103830456733704e-13,18,18
70,15,0.1,40,random_3,353320.50763793674,348528.51876674895,1.3562724969529227,23.959944355938934,18,18
70,15,0.1,40,random_4,353320.50763793674,351673.43043451034,0.4661708470979067,8.235386017131969,18,18
70,15,0.1,40,random_5,353320.50763793674,349633.1815829334,1.0436207282884065,18.43663027501665,18,19
70,15,0.1,40,random_6,353320.50763793674,352351.47528318467,0.27426439558529053,4.845161773760338,18,18
70,15,0.1,40,random_7,353320.50763793674,349141.97787346796,1.1826456925479987,20.892648822343908,18,15
70,15,0.1,40,random_8,353320.50763793674,341435.9519849388,3.363675585221494,59.42277826498961,18,17
70,15,0.1,40,random_9,353320.50763793674,348649.83255985216,1.3219371582220256,23.35337539042288,18,17
70,16,0.05,20,exact_dual,520684.14663731144,451113.33994860225,13.361422109355969,695.7080668870918,21,13
70,16,0.05,20,utilization,520684.14663731144,459521.0839569989,11.74667273342516,611.6306268031254,21,15
70,16,0.05,20,degree_product,520684.14663731144,519987.09211818373,0.13387281399470888,6.9705451912770515,21,21
70,16,0.05,20,early_price_50,520684.14663731144,467392.81670489704,10.234867006529987,532.9132993241441,21,20
70,16,0.05,20,random_0,520684.14663731144,502571.55632795487,3.4786137481487613,181.1259030935657,21,20
70,16,0.05,20,random_1,520684.14663731144,520684.14663731144,0.0,0.0,21,21
70,16,0.05,20,random_2,520684.14663731144,501932.7358913247,3.6013024147340227,187.51410745986738,21,21
70,16,0.05,20,random_3,520684.14663731144,519735.6943643649,0.18215501260636505,9.48452272946539,21,22
70,16,0.05,20,random_4,520684.14663731144,520684.14663731144,0.0,0.0,21,21
70,16,0.05,20,random_5,520684.14663731144,520684.14663731144,0.0,0.0,21,21
70,16,0.05,20,random_6,520684.14663731144,520684.14663731144,0.0,0.0,21,21
70,16,0.05,20,random_7,520684.14663731144,520684.14663731144,0.0,0.0,21,21
70,16,0.05,20,random_8,520684.14663731144,513969.5971968531,1.2895628729667192,67.14549440458359,21,21
70,16,0.05,20,random_9,520684.14663731144,520671.3142213477,0.002464529801153037,0.1283241596375592,21,21
70,16,0.1,40,exact_dual,520684.14663731144,451084.6203446584,13.366937853234354,347.9976314632653,21,13
70,16,0.1,40,utilization,520684.14663731144,446415.1495711032,14.263733118408375,371.3449853310411,21,13
70,16,0.1,40,degree_product,520684.14663731144,519987.09211818373,0.13387281399470888,3.4852725956385258,21,21
70,16,0.1,40,early_price_50,520684.14663731144,448244.85788275563,13.912328466765137,362.19644377277905,21,15
70,16,0.1,40,random_0,520684.14663731144,510118.569800989,2.029171985465117,52.82788418161217,21,23
70,16,0.1,40,random_1,520684.14663731144,510329.7196897017,1.9886195910670295,51.77213473804877,21,22
70,16,0.1,40,random_2,520684.14663731144,515539.901370777,0.9879780860925136,25.72122633267223,21,20
70,16,0.1,40,random_3,520684.14663731144,509155.2315381812,2.2141859270320445,57.644575495651225,21,25
70,16,0.1,40,random_4,520684.14663731144,518557.3959075756,0.4084531367952781,10.633753648679122,21,21
70,16,0.1,40,random_5,520684.14663731144,508058.4549151685,2.4248273744615254,63.12845861071459,21,21
70,16,0.1,40,random_6,520684.14663731144,518570.2283235392,0.4059886069941586,10.569591568861215,21,21
70,16,0.1,40,random_7,520684.14663731144,495168.1397691041,4.900477003764209,127.58003434103681,21,20
70,16,0.1,40,random_8,520684.14663731144,491844.2773416281,5.538841441963871,144.19934647841671,21,21
70,16,0.1,40,random_9,520684.14663731144,515907.8691464326,0.9173080305450126,23.881387454394133,21,22
70,17,0.05,20,exact_dual,365670.9346072486,295151.259510749,19.2850096692103,705.1967509649955,14,17
70,17,0.05,20,utilization,365670.9346072486,287693.52098724246,21.32447680146039,779.7741362000612,14,17
70,17,0.05,20,degree_product,365670.9346072486,342845.42117858696,6.24209125430697,228.25513428661623,14,16
70,17,0.05,20,early_price_50,365670.9346072486,277921.2204159241,23.996907023953842,877.4971419132448,14,15
70,17,0.05,20,random_0,365670.9346072486,365461.25516009214,0.05734102093228794,2.0967944715643534,14,13
70,17,0.05,20,random_1,365670.9346072486,365670.9346072486,0.0,0.0,14,14
70,17,0.05,20,random_2,365670.9346072486,365428.9906425565,0.0661643958527705,2.419439646920655,14,12
70,17,0.05,20,random_3,365670.9346072486,357650.07177093596,2.1934646911238604,80.2086283631262,14,17
70,17,0.05,20,random_4,365670.9346072486,365670.9346072486,0.0,0.0,14,14
70,17,0.05,20,random_5,365670.9346072486,365670.93460724864,-1.5918044177064758e-14,-5.820766091346741e-13,14,14
70,17,0.05,20,random_6,365670.9346072486,365461.255160092,0.057341020932319776,2.096794471565518,14,13
70,17,0.05,20,random_7,365670.9346072486,365656.4265620678,0.003967513906004423,0.14508045180758927,14,13
70,17,0.05,20,random_8,365670.9346072486,345874.99085335707,5.413595087931579,197.95943753891507,14,18
70,17,0.05,20,random_9,365670.9346072486,365670.9346072486,0.0,0.0,14,14
70,17,0.1,40,exact_dual,365670.9346072486,280569.34805093554,23.272723780389324,425.50793278156516,14,15
70,17,0.1,40,utilization,365670.9346072486,266670.1109836886,27.073746982349714,495.0041181177998,14,10
70,17,0.1,40,degree_product,365670.9346072486,342281.6751783585,6.396258825988308,116.94629714445037,14,16
70,17,0.1,40,early_price_50,365670.9346072486,262603.2462363681,28.185912145733177,515.3384418544025,14,11
70,17,0.1,40,random_0,365670.9346072486,350658.48357586976,4.105453731919669,75.0622551568941,14,17
70,17,0.1,40,random_1,365670.9346072486,365461.25516009214,0.05734102093228794,1.0483972357821767,14,13
70,17,0.1,40,random_2,365670.9346072486,360895.2715058181,1.3060001901873313,23.878315507152294,14,13
70,17,0.1,40,random_3,365670.9346072486,365670.93460724864,-1.5918044177064758e-14,-2.9103830456733704e-13,14,14
70,17,0.1,40,random_4,365670.9346072486,365670.93460724864,-1.5918044177064758e-14,-2.9103830456733704e-13,14,14
70,17,0.1,40,random_5,365670.9346072486,365542.69203253294,0.03507048621553076,0.641212873578188,14,14
70,17,0.1,40,random_6,365670.9346072486,365660.9422958901,0.0027325965541079044,0.049961556792259214,14,13
70,17,0.1,40,random_7,365670.9346072486,362080.8041567033,0.9817926749910519,17.95065225272643,14,12
70,17,0.1,40,random_8,365670.9346072486,357257.4197116519,2.300843217039728,42.06757447798329,14,16
70,17,0.1,40,random_9,365670.9346072486,363409.24287554383,0.6185046493055113,11.30845865852374,14,15
70,18,0.05,20,exact_dual,284291.0753626664,228706.32203671866,19.552057079188643,555.8475332594774,19,15
70,18,0.05,20,utilization,284291.0753626664,228706.32203671866,19.552057079188643,555.8475332594774,19,15
70,18,0.05,20,degree_product,284291.0753626664,284291.0753626664,0.0,0.0,19,19
70,18,0.05,20,early_price_50,284291.0753626664,230294.28382164,18.9934880903818,539.9679154102638,19,14
70,18,0.05,20,random_0,284291.0753626664,281303.6263227585,1.0508416544898018,29.874490399078933,19,21
70,18,0.05,20,random_1,284291.0753626664,284291.07536266645,-2.047467049017021e-14,-5.820766091346741e-13,19,19
70,18,0.05,20,random_2,284291.0753626664,283261.6995751245,0.3620851573440177,10.293757875419105,19,19
70,18,0.05,20,random_3,284291.0753626664,281071.03693015897,1.1326554758708713,32.20038432507427,19,18
70,18,0.05,20,random_4,284291.0753626664,284291.0753626664,0.0,0.0,19,19
70,18,0.05,20,random_5,284291.0753626664,284291.0753626664,0.0,0.0,19,19
70,18,0.05,20,random_6,284291.0753626664,284291.07536266645,-2.047467049017021e-14,-5.820766091346741e-13,19,19
70,18,0.05,20,random_7,284291.0753626664,280306.7649439541,1.4014897983095438,39.84310418712266,19,20
70,18,0.05,20,random_8,284291.0753626664,275822.5303455292,2.9788290069725125,84.68545017137193,19,17
70,18,0.05,20,random_9,284291.0753626664,266660.4702426106,6.2016034437819245,176.30605120055785,19,20
70,18,0.1,40,exact_dual,284291.0753626664,226867.73354549927,20.198784553441545,287.1167090858356,19,14
70,18,0.1,40,utilization,284291.0753626664,214470.209171374,24.559640538213458,349.1043309564619,19,9
70,18,0.1,40,degree_product,284291.0753626664,284291.0753626664,0.0,0.0,19,19
70,18,0.1,40,early_price_50,284291.0753626664,214470.20917137392,24.559640538213486,349.1043309564624,19,9
70,18,0.1,40,random_0,284291.0753626664,280979.3081473163,1.1649212734256047,16.558836076750595,19,19
70,18,0.1,40,random_1,284291.0753626664,278794.75947609247,1.9333409884789194,27.481579432869623,19,17
70,18,0.1,40,random_2,284291.0753626664,283477.9814778057,0.2860075307757854,4.065469424303447,19,19
70,18,0.1,40,random_3,284291.0753626664,281547.3772170184,0.9651017507840861,13.718490728239994,19,23
70,18,0.1,40,random_4,284291.0753626664,284291.0753626664,0.0,0.0,19,19
70,18,0.1,40,random_5,284291.0753626664,277498.5043647337,2.3893015245967533,33.96285498966346,19,21
70,18,0.1,40,random_6,284291.0753626664,267760.2651023057,5.814748225660117,82.65405130180356,19,18
70,18,0.1,40,random_7,284291.0753626664,274056.38311431033,3.600075111503166,51.173461241780316,19,20
70,18,0.1,40,random_8,284291.0753626664,273059.7740053851,3.9506345188478584,56.15650678640639,19,17
70,18,0.1,40,random_9,284291.0753626664,272452.28556933877,4.164319888770703,59.193948966638125,19,18
70,19,0.05,20,exact_dual,517430.0303068207,436112.1363250354,15.715727580319637,813.1789398178528,24,29
70,19,0.05,20,utilization,517430.0303068207,422665.461908839,18.31447014039543,947.645683979817,24,30
70,19,0.05,20,degree_product,517430.0303068207,517181.99496362574,0.047936016208391476,2.480353431949625,24,22
70,19,0.05,20,early_price_50,517430.0303068207,420973.2865154304,18.64150477199677,964.5674379139033,24,21
70,19,0.05,20,random_0,517430.0303068207,499488.4219278327,3.467446288022585,179.41608378987993,24,27
70,19,0.05,20,random_1,517430.0303068207,517430.03030682064,1.1249378177558033e-14,5.820766091346741e-13,24,24
70,19,0.05,20,random_2,517430.0303068207,516633.9448047106,0.15385374939255406,7.960855021100724,24,24
70,19,0.05,20,random_3,517430.0303068207,508041.42376988486,1.8144688145310535,93.8860653693584,24,25
70,19,0.05,20,random_4,517430.0303068207,485752.86149829655,6.122019781059194,316.77168808524146,24,26
70,19,0.05,20,random_5,517430.0303068207,517181.99496362574,0.047936016208391476,2.480353431949625,24,22
70,19,0.05,20,random_6,517430.0303068207,516357.8871108012,0.20720544483739559,10.721431960195186,24,24
70,19,0.05,20,random_7,517430.0303068207,516736.4479123247,0.1340437071433098,6.935823944960139,24,22
70,19,0.05,20,random_8,517430.0303068207,517430.03030682076,-1.1249378177558033e-14,-5.820766091346741e-13,24,24
70,19,0.05,20,random_9,517430.0303068207,517297.3211323045,0.02564775268986818,1.3270917451620334,24,23
70,19,0.1,40,exact_dual,517430.0303068207,417006.6093638369,19.408116085461003,502.1171047149191,24,26
70,19,0.1,40,utilization,517430.0303068207,413540.49965072627,20.0779863114035,519.4476532804722,24,20
70,19,0.1,40,degree_product,517430.0303068207,501967.52977791126,2.9883268506353673,77.31250264454721,24,21
70,19,0.1,40,early_price_50,517430.0303068207,401908.61179326096,22.32599805717866,577.6070925677986,24,18
70,19,0.1,40,random_0,517430.0303068207,507000.81347008556,2.0155801221183323,52.146084183675704,24,27
70,19,0.1,40,random_1,517430.0303068207,509244.3445897669,1.581988913979337,40.92842858526914,24,23
70,19,0.1,40,random_2,517430.0303068207,502556.0635454577,2.874585140051332,74.36983380681485,24,21
70,19,0.1,40,random_3,517430.0303068207,499258.17824143136,3.5119438380130283,90.85926032694668,24,28
70,19,0.1,40,random_4,517430.0303068207,507592.8429621442,1.9011628178680242,49.18593672338262,24,22
70,19,0.1,40,random_5,517430.0303068207,506527.48421491415,2.1070570808272695,54.51273045953276,24,27
70,19,0.1,40,random_6,517430.0303068207,500922.9133269733,3.190212398391168,82.53558489923685,24,19
70,19,0.1,40,random_7,517430.0303068207,511903.9921402113,1.067977860375178,27.63019083304709,24,22
70,19,0.1,40,random_8,517430.0303068207,493023.3313106031,4.716908097070656,122.03349498108786,24,23
70,19,0.1,40,random_9,517430.0303068207,517297.3211323045,0.02564775268986818,0.6635458725810167,24,23
150,0,0.05,43,exact_dual,930075.0642775226,716620.9296300571,22.95020507976693,992.809928592863,58,37
150,0,0.05,43,utilization,930075.0642775226,720532.0472409163,22.529688740701616,974.6186838911922,58,34
150,0,0.05,43,degree_product,930075.0642775226,916148.944530446,1.4973113764634025,64.77264998640302,58,49
150,0,0.05,43,early_price_50,930075.0642775226,746739.6999424081,19.71188900516631,852.7226248144859,58,46
150,0,0.05,43,random_0,930075.0642775226,891940.2692399162,4.100184652002179,177.37113970979712,58,59
150,0,0.05,43,random_1,930075.0642775226,926026.2598206719,0.43532018138727724,18.8316486365151,58,57
150,0,0.05,43,random_2,930075.0642775226,930073.4580086276,0.00017270314587165228,0.007471018116163133,58,57
150,0,0.05,43,random_3,930075.0642775226,916225.8664377825,1.4890408711793672,64.41487367320968,58,50
150,0,0.05,43,random_4,930075.0642775226,887179.5011513785,4.612053884001842,199.51424709834473,58,56
150,0,0.05,43,random_5,930075.0642775226,902625.7984979195,2.9512957430941986,127.6710036260612,58,57
150,0,0.05,43,random_6,930075.0642775226,929013.8518651675,0.11409965207264884,4.935871685372644,58,58
150,0,0.05,43,random_7,930075.0642775226,908775.5156773604,2.290089200134361,99.06766790773146,58,55
150,0,0.05,43,random_8,930075.0642775226,895557.6806626094,3.7112470746354362,160.54597030192193,58,53
150,0,0.05,43,random_9,930075.0642775226,911669.7018196732,1.9789115056155842,85.60633701325318,58,53
150,0,0.1,86,exact_dual,930075.0642775226,695003.0697422485,25.274518537692092,546.679057058777,58,33
150,0,0.1,86,utilization,930075.0642775226,690206.7933112445,25.790205562881805,557.8331882936701,58,26
150,0,0.1,86,degree_product,930075.0642775226,900581.1288829262,3.171134946780576,68.590547429294,58,46
150,0,0.1,86,early_price_50,930075.0642775226,701292.207844048,24.59832170763463,532.0531544964525,58,33
150,0,0.1,86,random_0,930075.0642775226,905720.2322674732,2.6185877834460682,56.63914420941715,58,60
150,0,0.1,86,random_1,930075.0642775226,916618.9665400125,1.4467754544051488,31.293250552349086,58,61
150,0,0.1,86,random_2,930075.0642775226,903761.8367481099,2.829150951364629,61.19355239398306,58,51
150,0,0.1,86,random_3,930075.0642775226,896037.7609896915,3.659629700348018,79.1565192740259,58,53
150,0,0.1,86,random_4,930075.0642775226,896862.4755326263,3.5709578743190704,77.23857847650314,58,55
150,0,0.1,86,random_5,930075.0642775226,915139.5399733285,1.6058407410154554,34.73377745161429,58,60
150,0,0.1,86,random_6,930075.0642775226,914716.4264800238,1.6513331436779624,35.71776231976475,58,55
150,0,0.1,86,random_7,930075.0642775226,895594.8224036485,3.707253661365297,80.18660900900953,58,53
150,0,0.1,86,random_8,930075.0642775226,864157.870999977,7.08729819874805,153.29579831987354,58,44
150,0,0.1,86,random_9,930075.0642775226,902639.5567778933,2.94981647754862,63.803505813091355,58,53
150,1,0.05,43,exact_dual,1042681.0353557997,794321.0613701951,23.819362351867788,1155.1626697004865,45,41
150,1,0.05,43,utilization,1042681.0353557997,795825.5207574472,23.675074757077237,1148.1651841783837,45,37
150,1,0.05,43,degree_product,1042681.0353557997,1034373.5532528324,0.796742418944306,38.639451641708526,45,39
150,1,0.05,43,early_price_50,1042681.0353557997,835252.2761614493,19.893788432007725,964.784926485351,45,45
150,1,0.05,43,random_0,1042681.0353557997,1019009.1408481387,2.27029107703904,110.10183491935346,45,43
150,1,0.05,43,random_1,1042681.0353557997,1042681.0353557997,0.0,0.0,45,45
150,1,0.05,43,random_2,1042681.0353557997,1038513.8770543188,0.39965801239100385,19.38213163479502,45,45
150,1,0.05,43,random_3,1042681.0353557997,988781.496793307,5.169321847701993,250.69552819764047,45,49
150,1,0.05,43,random_4,1042681.0353557997,1026011.6355395163,1.5987055725622923,77.53209216875987,45,36
150,1,0.05,43,random_5,1042681.0353557997,1033583.2856311904,0.8725343049425309,42.31511499818284,45,47
150,1,0.05,43,random_6,1042681.0353557997,1042638.4846888555,0.004080890080610359,0.19791007881041964,45,44
150,1,0.05,43,random_7,1042681.0353557997,1040611.5625832792,0.19847611132721174,9.625454755909308,45,47
150,1,0.05,43,random_8,1042681.0353557997,1042673.5451810599,0.0007183572430948164,0.034838022045834464,45,45
150,1,0.05,43,random_9,1042681.0353557997,1036055.9979718502,0.6353848549368507,30.81412736720698,45,43
150,1,0.1,86,exact_dual,1042681.0353557997,778913.3263561904,25.297065934416125,613.4132767432775,45,39
150,1,0.1,86,utilization,1042681.0353557997,760745.9088852387,27.03944129705541,655.6630848152582,45,27
150,1,0.1,86,degree_product,1042681.0353557997,1034160.2963506306,0.8171951647956802,19.815672105044495,45,38
150,1,0.1,86,early_price_50,1042681.0353557997,803931.3185706519,22.89767519399429,555.2318995003437,45,34
150,1,0.1,86,random_0,1042681.0353557997,1026404.999836296,1.5609793376504442,37.85124539419478,45,42
150,1,0.1,86,random_1,1042681.0353557997,1037282.6815083998,0.517737799418,12.554311273023107,45,42
150,1,0.1,86,random_2,1042681.0353557997,1032389.1153858854,0.9870631210245804,23.934697604452012,45,44
150,1,0.1,86,random_3,1042681.0353557997,1007543.8270551229,3.369890417992183,81.71443790855065,45,48
150,1,0.1,86,random_4,1042681.0353557997,1027466.137389713,1.4592092356311905,35.3834836420622,45,44
150,1,0.1,86,random_5,1042681.0353557997,1029981.9900052868,1.2179223482452226,29.532663605844082,45,41
150,1,0.1,86,random_6,1042681.0353557997,1032104.2899048555,1.0143797664196523,24.59708244405622,45,45
150,1,0.1,86,random_7,1042681.0353557997,1002505.3636780317,3.8531123436093413,93.43179459946046,45,47
150,1,0.1,86,random_8,1042681.0353557997,1031226.3415792916,1.0985808112065016,26.638822736065336,45,43
150,1,0.1,86,random_9,1042681.0353557997,998101.6345299347,4.275459063149923,103.6730251764302,45,41
150,2,0.05,43,exact_dual,491831.37629727554,392996.59526717046,20.095257397805135,459.6966559539771,44,39
150,2,0.05,43,utilization,491831.37629727554,399506.3141542651,18.771690175212978,429.4188936884206,44,41
150,2,0.05,43,degree_product,491831.37629727554,491831.37629727554,0.0,0.0,44,44
150,2,0.05,43,early_price_50,491831.37629727554,416820.77063223906,15.251285151783025,348.88653797691387,44,36
150,2,0.05,43,random_0,491831.37629727554,487476.3262604338,0.8854762519683999,20.25604668298471,44,44
150,2,0.05,43,random_1,491831.37629727554,483763.4050495085,1.6403937683899514,37.52544766403275,44,45
150,2,0.05,43,random_2,491831.37629727554,490224.6183143598,0.3266887922060034,7.473292943794107,44,44
150,2,0.05,43,random_3,491831.37629727554,491831.37629727554,0.0,0.0,44,44
150,2,0.05,43,random_4,491831.37629727554,491827.8396900128,0.0007190690617100922,0.01644933610575187,44,43
150,2,0.05,43,random_5,491831.37629727554,487031.3361213694,0.9759524111785991,22.325768260028603,44,42
150,2,0.05,43,random_6,491831.37629727554,489945.4417441395,0.3834514518642975,8.771788619237487,44,44
150,2,0.05,43,random_7,491831.37629727554,485827.15317928395,1.2207889547824367,27.926619153449224,44,41
150,2,0.05,43,random_8,491831.37629727554,490332.3182153509,0.30479106339457185,6.972363171742439,44,44
150,2,0.05,43,random_9,491831.37629727554,491831.37629727554,0.0,0.0,44,44
150,2,0.1,86,exact_dual,491831.37629727554,387919.75233294023,21.127489821130983,241.65493945194257,44,35
150,2,0.1,86,utilization,491831.37629727554,371651.7672713758,24.43512447917924,279.4874628509296,44,24
150,2,0.1,86,degree_product,491831.37629727554,488762.68217574654,0.6239321583408297,7.136497957044184,44,41
150,2,0.1,86,early_price_50,491831.37629727554,402052.8283268291,18.253928540781413,208.78732086150328,44,33
150,2,0.1,86,random_0,491831.37629727554,483616.849897005,1.67019161366099,19.103549768070984,44,46
150,2,0.1,86,random_1,491831.37629727554,469182.1382849782,4.605081965858057,52.6726465402263,44,44
150,2,0.1,86,random_2,491831.37629727554,480469.9494453256,2.3100248173436593,26.4219229115115,44,43
150,2,0.1,86,random_3,491831.37629727554,486968.5719546219,0.9887137293401258,11.308847308496885,44,45
150,2,0.1,86,random_4,491831.37629727554,481986.0793290233,2.001762685896939,22.896039461051682,44,48
150,2,0.1,86,random_5,491831.37629727554,475502.0789111133,3.320100785170804,37.975110200377244,44,41
150,2,0.1,86,random_6,491831.37629727554,485945.65958024596,1.1966940298400348,13.68771329541761,44,41
150,2,0.1,86,random_7,491831.37629727554,476344.80185454746,3.1487569091906793,36.015289401693195,44,36
150,2,0.1,86,random_8,491831.37629727554,480254.2482993951,2.3538815447355557,26.923553483442912,44,49
150,2,0.1,86,random_9,491831.37629727554,489613.25698521757,0.4509918274748868,5.158417004785977,44,41
150,3,0.05,43,exact_dual,1206550.983543756,929046.8823872453,22.999782432852896,1290.7167495651659,55,52
150,3,0.05,43,utilization,1206550.983543756,974389.9111366832,19.2417125818582,1079.8189414282454,55,46
150,3,0.05,43,degree_product,1206550.983543756,1202659.328440591,0.3225437761224804,18.10072141006957,55,54
150,3,0.05,43,early_price_50,1206550.983543756,1005980.3103172804,16.623472688852342,932.8868522161656,55,56
150,3,0.05,43,random_0,1206550.983543756,1205665.8961649947,0.07335681548753778,4.116685482610537,55,55
150,3,0.05,43,random_1,1206550.983543756,1206550.9835437562,-1.9297207231974872e-14,-1.082933226297068e-12,55,55
150,3,0.05,43,random_2,1206550.983543756,1202346.3536929742,0.348483396734082,19.556417910612815,55,53
150,3,0.05,43,random_3,1206550.983543756,1206283.3024110678,0.022185646221263018,1.2450285241311025,55,55
150,3,0.05,43,random_4,1206550.983543756,1205266.5448703868,0.10645539980387743,5.974133364507539,55,54
150,3,0.05,43,random_5,1206550.983543756,1197788.9911498246,0.7262015872878046,40.75345299502965,55,50
150,3,0.05,43,random_6,1206550.983543756,1202235.267371364,0.35769032815474916,20.073098476241928,55,53
150,3,0.05,43,random_7,1206550.983543756,1202526.9560052764,0.3335149192502901,18.716407155718784,55,51
150,3,0.05,43,random_8,1206550.983543756,1169784.474111287,3.0472404344226107,171.007020616135,55,57
150,3,0.05,43,random_9,1206550.983543756,1186183.9117871202,1.688040707307349,94.73056630993392,55,56
150,3,0.1,86,exact_dual,1206550.983543756,905068.6539114128,24.987118965073538,701.1216968194027,55,44
150,3,0.1,86,utilization,1206550.983543756,901025.1498481395,25.322248115720548,710.5251946409685,55,37
150,3,0.1,86,degree_product,1206550.983543756,1199398.1852836476,0.5928301710964489,16.634414558391477,55,49
150,3,0.1,86,early_price_50,1206550.983543756,917056.2280970294,23.99357833984377,673.2436173179688,55,44
150,3,0.1,86,random_0,1206550.983543756,1174684.0976129943,2.641155356499366,74.10903704828301,55,51
150,3,0.1,86,random_1,1206550.983543756,1195836.6586200225,0.8880126136290141,24.917034706356937,55,55
150,3,0.1,86,random_2,1206550.983543756,1175107.6604192352,2.6060501009388477,73.12400726632724,55,51
150,3,0.1,86,random_3,1206550.983543756,1202177.9817413145,0.36243821123890724,10.169771633584723,55,51
150,3,0.1,86,random_4,1206550.983543756,1196737.239807432,0.81337165773965,22.822659851916047,55,58
150,3,0.1,86,random_5,1206550.983543756,1126223.9071615238,6.657578293650203,186.80715437728404,55,51
150,3,0.1,86,random_6,1206550.983543756,1200249.7211650165,0.5222541330356396,14.654098555207968,55,60
150,3,0.1,86,random_7,1206550.983543756,1146911.9381693949,4.942936203093176,138.6954543589793,55,55
150,3,0.1,86,random_8,1206550.983543756,1150727.133591313,4.626729472175559,129.8229068661466,55,49
150,3,0.1,86,random_9,1206550.983543756,1176089.9487200615,2.524637188080318,70.83961586905697,55,53
150,4,0.05,43,exact_dual,1380845.8074571649,1156593.7218185603,16.24019745199256,1043.032956458626,60,56
150,4,0.05,43,utilization,1380845.8074571649,1225374.0317686428,11.259169912303543,723.124538086149,60,55
150,4,0.05,43,degree_product,1380845.8074571649,1380678.1871995917,0.012138955462512927,0.7796291049916384,60,59
150,4,0.05,43,early_price_50,1380845.8074571649,1179791.1300006807,14.560255487665742,935.1380346813218,60,61
150,4,0.05,43,random_0,1380845.8074571649,1365682.4552606726,1.0981205949718347,70.52721951856863,60,58
150,4,0.05,43,random_1,1380845.8074571649,1369837.5215754476,0.7972132603269472,51.20132968240569,60,60
150,4,0.05,43,random_2,1380845.8074571649,1371591.8930998368,0.6701627587492353,43.04146212710739,60,58
150,4,0.05,43,random_3,1380845.8074571649,1376286.5531899019,0.33017837637200675,21.205833801223225,60,57
150,4,0.05,43,random_4,1380845.8074571649,1380801.206442005,0.003229977954018868,0.2074465821388849,60,60
150,4,0.05,43,random_5,1380845.8074571649,1369447.647693061,0.8254476859435593,53.01469657722709,60,56
150,4,0.05,43,random_6,1380845.8074571649,1370506.8379163234,0.7487417845646851,48.088230422518194,60,60
150,4,0.05,43,random_7,1380845.8074571649,1366907.6443498405,1.0093931583129905,64.82866561546228,60,56
150,4,0.05,43,random_8,1380845.8074571649,1380845.8074571649,0.0,0.0,60,60
150,4,0.05,43,random_9,1380845.8074571649,1352455.6572602561,2.0559971318730623,132.0472102181802,60,57
150,4,0.1,86,exact_dual,1380845.8074571649,1122267.038108436,18.72611467205764,601.3459752296022,60,53
150,4,0.1,86,utilization,1380845.8074571649,1112782.729053057,19.412962472453565,623.4025079165299,60,46
150,4,0.1,86,degree_product,1380845.8074571649,1371442.8666627507,0.6809551612232295,21.867304173056144,60,56
150,4,0.1,86,early_price_50,1380845.8074571649,1132096.823245446,18.014247707337542,578.4860097946951,60,50
150,4,0.1,86,random_0,1380845.8074571649,1369456.7544663902,0.8247881790471325,26.486169745987496,60,62
150,4,0.1,86,random_1,1380845.8074571649,1365866.5987375346,1.0847850381799367,34.83536911541921,60,60
150,4,0.1,86,random_2,1380845.8074571649,1350669.8271370314,2.1853258457367324,70.17669841891512,60,61
150,4,0.1,86,random_3,1380845.8074571649,1366622.5328057052,1.0300407601375776,33.077382910371284,60,61
150,4,0.1,86,random_4,1380845.8074571649,1377691.3015876906,0.22844736555222642,7.336060161568051,60,57
150,4,0.1,86,random_5,1380845.8074571649,1378107.2048688051,0.19832790696615749,6.368843228743563,60,60
150,4,0.1,86,random_6,1380845.8074571649,1365741.822523182,1.0938212545104444,35.12554635809962,60,54
150,4,0.1,86,random_7,1380845.8074571649,1376512.507251281,0.3138149228887184,10.077442339264659,60,60
150,4,0.1,86,random_8,1380845.8074571649,1323640.1890075207,4.142795534498428,133.0363219759167,60,66
150,4,0.1,86,random_9,1380845.8074571649,1362119.9178350442,1.3561173536533004,43.54858051655965,60,65
150,5,0.05,43,exact_dual,890992.1784091023,652685.7291900184,26.74618868648077,1108.4020893910879,77,60
150,5,0.05,43,utilization,890992.1784091023,739480.6320025633,17.004812172096518,704.7048670071578,77,55
150,5,0.05,43,degree_product,890992.1784091023,866849.1828613612,2.7096753633515878,112.29300254763288,77,72
150,5,0.05,43,early_price_50,890992.1784091023,716356.3153576775,19.600156688607882,812.2598281461616,77,58
150,5,0.05,43,random_0,890992.1784091023,864573.2421252491,2.9651142764266543,122.87877341327041,77,76
150,5,0.05,43,random_1,890992.1784091023,879993.2832421273,1.2344547386054379,51.157651939418514,77,71
150,5,0.05,43,random_2,890992.1784091023,883842.3289118803,0.8024592886986167,33.255113940567405,77,72
150,5,0.05,43,random_3,890992.1784091023,886935.7968497619,0.4552656754611708,18.866890973676277,77,68
150,5,0.05,43,random_4,890992.1784091023,881141.249589082,1.1056133890658237,45.818273581489706,77,74
150,5,0.05,43,random_5,890992.1784091023,858749.6984659581,3.6187163843249683,149.96502299136807,77,76
150,5,0.05,43,random_6,890992.1784091023,858236.8946105462,3.676270633154354,152.3501572025864,77,74
150,5,0.05,43,random_7,890992.1784091023,877967.4167587833,1.461826710260818,60.58028674566967,77,72
150,5,0.05,43,random_8,890992.1784091023,852424.2166797161,4.328653232203516,179.38586850877266,77,72
150,5,0.05,43,random_9,890992.1784091023,890917.5415153691,0.00837682928557673,0.34714834294498487,77,77
150,5,0.1,86,exact_dual,890992.1784091023,622747.3174322488,30.106309289472552,623.8252580857056,77,43
150,5,0.1,86,utilization,890992.1784091023,607056.3676750155,31.867374104345576,660.3158389164809,77,45
150,5,0.1,86,degree_product,890992.1784091023,866352.1405769206,2.765460621234332,57.30241356321318,77,73
150,5,0.1,86,early_price_50,890992.1784091023,635871.2135553929,28.63335627808055,593.3045694272311,77,49
150,5,0.1,86,random_0,890992.1784091023,863851.0609605105,3.0461678683928697,63.11887778742266,77,74
150,5,0.1,86,random_1,890992.1784091023,862219.7230430087,3.2292601510226246,66.91268689789197,77,73
150,5,0.1,86,random_2,890992.1784091023,885548.5975100887,0.6109572037695392,12.659490462822223,77,66
150,5,0.1,86,random_3,890992.1784091023,884378.0379253017,0.7423342924974194,15.381722055350128,77,76
150,5,0.1,86,random_4,890992.1784091023,852060.5316142573,4.369471218519428,90.53871347638372,77,71
150,5,0.1,86,random_5,890992.1784091023,835522.9241210233,6.225560182483451,128.9982657862302,77,74
150,5,0.1,86,random_6,890992.1784091023,882589.5604611059,0.9430630427081336,19.54097197208456,77,81
150,5,0.1,86,random_7,890992.1784091023,863847.453988829,3.0465726948064873,63.12726609365863,77,71
150,5,0.1,86,random_8,890992.1784091023,850391.8808314496,4.556751289348675,94.41929669221538,77,66
150,5,0.1,86,random_9,890992.1784091023,876538.4923544438,1.6222012274525301,33.61322338292673,77,73
150,6,0.05,43,exact_dual,1279349.3714998637,1104364.6429710668,13.677634305916847,813.8824582734741,58,45
150,6,0.05,43,utilization,1279349.3714998637,1125128.4218973913,12.05463910313015,717.3067423370808,58,46
150,6,0.05,43,degree_product,1279349.3714998637,1275159.064534848,0.32753421843659714,19.48979983728184,58,57
150,6,0.05,43,early_price_50,1279349.3714998637,1140090.0927318432,10.885164120943589,647.7175756652114,58,53
150,6,0.05,43,random_0,1279349.3714998637,1277309.9534052457,0.15941056759398506,9.485665556362852,58,54
150,6,0.05,43,random_1,1279349.3714998637,1271578.6398251487,0.6073971541960282,36.14293802192998,58,54
150,6,0.05,43,random_2,1279349.3714998637,1275869.9699350235,0.2719664887755485,16.18326309228013,58,56
150,6,0.05,43,random_3,1279349.3714998637,1279239.732932881,0.008569869140136693,0.5099468231753468,58,57
150,6,0.05,43,random_4,1279349.3714998637,1277824.3998289297,0.1191990010630307,7.092891492716275,58,54
150,6,0.05,43,random_5,1279349.3714998637,1275664.840078365,0.28800040892496903,17.137355448830828,58,54
150,6,0.05,43,random_6,1279349.3714998637,1259335.6027445742,1.5643708592146384,93.0872965362302,58,58
150,6,0.05,43,random_7,1279349.3714998637,1265525.4809173266,1.0805406943945584,64.29716550017231,58,51
150,6,0.05,43,random_8,1279349.3714998637,1271719.3122101657,0.5964015350046886,35.48864785906057,58,56
150,6,0.05,43,random_9,1279349.3714998637,1278107.336110622,0.09708336259904082,5.7769087871709885,58,59
150,6,0.1,86,exact_dual,1279349.3714998637,1087042.7717155816,15.031593720081998,447.224650661121,58,36
150,6,0.1,86,utilization,1279349.3714998637,1074012.704033206,16.050085460700096,477.52713364339,58,29
150,6,0.1,86,degree_product,1279349.3714998637,1274953.4582193524,0.3436053808630603,10.223054140723896,58,55
150,6,0.1,86,early_price_50,1279349.3714998637,1084801.8728841478,15.206752975353035,452.4360432923625,58,40
150,6,0.1,86,random_0,1279349.3714998637,1262772.7892302433,1.2957041007638583,38.55019132469857,58,55
150,6,0.1,86,random_1,1279349.3714998637,1279239.7329328817,0.008569869140082096,0.25497341158604897,58,57
150,6,0.1,86,random_2,1279349.3714998637,1263838.1940020209,1.2124270229372969,36.07250580893678,58,56
150,6,0.1,86,random_3,1279349.3714998637,1272320.4725658495,0.5494119972696521,16.34627659073056,58,53
150,6,0.1,86,random_4,1279349.3714998637,1267682.8892561384,0.9119074510544343,27.13135405517519,58,52
150,6,0.1,86,random_5,1279349.3714998637,1255832.7033505458,1.8381740494973426,54.689925928646154,58,55
150,6,0.1,86,random_6,1279349.3714998637,1268545.620142989,0.8444723230065497,25.125003155522307,58,61
150,6,0.1,86,random_7,1279349.3714998637,1260908.9535064988,1.4413903194985718,42.88469300782525,58,53
150,6,0.1,86,random_8,1279349.3714998637,1265478.537132986,1.084210042688818,32.25775434157627,58,49
150,6,0.1,86,random_9,1279349.3714998637,1265760.7476159367,1.0621511360885094,31.601450892853507,58,56
150,7,0.05,43,exact_dual,1124625.9110942984,855806.2297917631,23.903031101334378,1250.3240990815593,57,48
150,7,0.05,43,utilization,1124625.9110942984,881831.1245193027,21.588937635159784,1129.2780770930028,57,46
150,7,0.05,43,degree_product,1124625.9110942984,1124496.1851007107,0.011535035099930053,0.6033767143610952,57,56
150,7,0.05,43,early_price_50,1124625.9110942984,869833.3829075493,22.655758299115433,1185.0815264499956,57,50
150,7,0.05,43,random_0,1124625.9110942984,1120947.3328694867,0.3270934973596975,17.109666161914898,57,54
150,7,0.05,43,random_1,1124625.9110942984,1122416.9603184892,0.19641649316613538,10.274189654926142,57,54
150,7,0.05,43,random_2,1124625.9110942984,1120678.4934933982,0.3509982796909951,18.360081864651942,57,57
150,7,0.05,43,random_3,1124625.9110942984,1107663.0370154423,1.5083125785667382,78.8970887388655,57,56
150,7,0.05,43,random_4,1124625.9110942984,1104495.1905820777,1.7899925934155987,93.63125819637506,57,53
150,7,0.05,43,random_5,1124625.9110942984,1122641.333862084,0.17646554402106296,9.230591777741346,57,57
150,7,0.05,43,random_6,1124625.9110942984,1109559.190050332,1.339709577676885,70.07777229751741,57,56
150,7,0.05,43,random_7,1124625.9110942984,1103759.3723047825,1.85542041879615,97.0536687884458,57,58
150,7,0.05,43,random_8,1124625.9110942984,1124434.6068887592,0.01701047465223572,0.8897870025077704,57,56
150,7,0.05,43,random_9,1124625.9110942984,1105713.9107004474,1.6816258817520002,87.96279252953936,57,51
150,7,0.1,86,exact_dual,1124625.9110942984,831519.6929522264,26.062552467501828,681.6423677722604,57,45
150,7,0.1,86,utilization,1124625.9110942984,812770.0323786077,27.729743343032577,725.2462295713736,57,36
150,7,0.1,86,degree_product,1124625.9110942984,1121575.0376449365,0.2712789576752044,7.095054533399728,57,51
150,7,0.1,86,early_price_50,1124625.9110942984,830885.3691380458,26.118955561892864,683.1175394331455,57,37
150,7,0.1,86,random_0,1124625.9110942984,1101125.9444578497,2.0895807578879615,54.65108520104333,57,55
150,7,0.1,86,random_1,1124625.9110942984,1086150.8322085012,3.421144622958193,89.47692764138878,57,49
150,7,0.1,86,random_2,1124625.9110942984,1119940.793283931,0.4165934435752595,10.895622814807846,57,58
150,7,0.1,86,random_3,1124625.9110942984,1123296.0230401992,0.11825159290569266,3.0927629165096904,57,53
150,7,0.1,86,random_4,1124625.9110942984,1115353.8124268765,0.8244607007497973,21.563020156794984,57,52
150,7,0.1,86,random_5,1124625.9110942984,1109073.4036371482,1.3829049556591704,36.16862199337243,57,55
150,7,0.1,86,random_6,1124625.9110942984,1113947.244819769,0.9495305211435792,24.83410761518469,57,49
150,7,0.1,86,random_7,1124625.9110942984,1089942.7033833175,3.0839772913673125,80.65862258367652,57,52
150,7,0.1,86,random_8,1124625.9110942984,1119258.865739021,0.477229388219862,12.481500826226439,57,53
150,7,0.1,86,random_9,1124625.9110942984,1099556.3021618437,2.2291509278904167,58.30141612198745,57,55
150,8,0.05,43,exact_dual,1282884.6349478879,1070491.8907440559,16.5558724781562,987.8732288550326,54,47
150,8,0.05,43,utilization,1282884.6349478879,1105432.968792748,13.832238793813927,825.3565867680926,54,41
150,8,0.05,43,degree_product,1282884.6349478879,1280029.8158935513,0.22253123753816614,13.278228159704744,54,52
150,8,0.05,43,early_price_50,1282884.6349478879,1102590.757984363,14.053787227005692,838.5761719233714,54,57
150,8,0.05,43,random_0,1282884.6349478879,1277983.55482555,0.38203592036449924,22.795721499246092,54,51
150,8,0.05,43,random_1,1282884.6349478879,1277079.2642058146,0.4525247698760616,27.0017243817362,54,49
150,8,0.05,43,random_2,1282884.6349478879,1282336.6266689873,0.04271687913097387,2.5488757158163935,54,54
150,8,0.05,43,random_3,1282884.6349478879,1282884.6349478876,1.8148993082556287e-14,1.082933226297068e-12,54,54
150,8,0.05,43,random_4,1282884.6349478879,1270659.55128974,0.9529371016782372,56.86085422394343,54,54
150,8,0.05,43,random_5,1282884.6349478879,1282884.6349478876,1.8148993082556287e-14,1.082933226297068e-12,54,54
150,8,0.05,43,random_6,1282884.6349478879,1279786.3330850764,0.2415105597501597,14.410706338657846,54,53
150,8,0.05,43,random_7,1282884.6349478879,1243560.931995395,3.0652563668821338,182.90094396508255,54,49
150,8,0.05,43,random_8,1282884.6349478879,1282199.3479431455,0.05341766407313334,3.187381417406073,54,53
150,8,0.05,43,random_9,1282884.6349478879,1272167.8793275848,0.8353639390761294,49.84537497815394,54,48
150,8,0.1,86,exact_dual,1282884.6349478879,1041775.8377529274,18.79426961916607,560.7181330115359,54,38
150,8,0.1,86,utilization,1282884.6349478879,1035831.2536868834,19.257645974615638,574.5427471186151,54,30
150,8,0.1,86,degree_product,1282884.6349478879,1251544.1576980888,2.4429692581883753,72.88483081348619,54,53
150,8,0.1,86,early_price_50,1282884.6349478879,1072442.860457114,16.403795692768764,489.39947555993933,54,46
150,8,0.1,86,random_0,1282884.6349478879,1248298.2441963465,2.6959860465509666,80.43346686404968,54,55
150,8,0.1,86,random_1,1282884.6349478879,1270326.1440651938,0.9789259720305374,29.205792750451216,54,57
150,8,0.1,86,random_2,1282884.6349478879,1223650.5460008967,4.617257649936487,137.7536952255608,54,56
150,8,0.1,86,random_3,1282884.6349478879,1247806.0521625872,2.7343520866726734,81.57809950069925,54,52
150,8,0.1,86,random_4,1282884.6349478879,1263958.4874256935,1.475280551860621,44.01429656324258,54,58
150,8,0.1,86,random_5,1282884.6349478879,1277683.056947441,0.4054595291538491,12.09669302429484,54,53
150,8,0.1,86,random_6,1282884.6349478879,1212144.4037524206,5.5141537491670745,164.51216557085417,54,66
150,8,0.1,86,random_7,1282884.6349478879,1277312.27248001,0.4343619306114891,12.958982483436744,54,49
150,8,0.1,86,random_8,1282884.6349478879,1233352.4871364082,3.8609978217949177,115.19104142204566,54,54
150,8,0.1,86,random_9,1282884.6349478879,1263868.0660108477,1.4823288407232846,44.22457892334923,54,56
150,9,0.05,43,exact_dual,926935.7842966218,636832.643365559,31.297005234423985,1349.3169345630827,64,59
150,9,0.05,43,utilization,926935.7842966218,659007.1847460533,28.904763856309454,1246.1795327933419,64,60
150,9,0.05,43,degree_product,926935.7842966218,910223.0145631036,1.8030126807759659,77.73381271403835,64,54
150,9,0.05,43,early_price_50,926935.7842966218,679956.1880352643,26.644736393338274,1148.7423081923607,64,61
150,9,0.05,43,random_0,926935.7842966218,905023.0530657703,2.3639966869419475,101.91968014349533,64,56
150,9,0.05,43,random_1,926935.7842966218,922393.7592644535,0.4900042817545163,21.12569782403839,64,61
150,9,0.05,43,random_2,926935.7842966218,906968.3162496553,2.154137145769834,92.87194440449522,64,56
150,9,0.05,43,random_3,926935.7842966218,919854.6180040606,0.7639327785726338,32.93565717470334,64,60
150,9,0.05,43,random_4,926935.7842966218,926422.492544716,0.05537511450108775,2.387403497236326,64,62
150,9,0.05,43,random_5,926935.7842966218,905262.3603894548,2.3381796532554078,100.80662282403277,64,59
150,9,0.05,43,random_6,926935.7842966218,926639.2225562094,0.031993774049559866,1.3793569321505899,64,64
150,9,0.05,43,random_7,926935.7842966218,897966.2416822044,3.1253020009795045,134.74205867170875,64,59
150,9,0.05,43,random_8,926935.7842966218,926777.6474545086,0.017060172321777242,0.7355201958754468,64,62
150,9,0.05,43,random_9,926935.7842966218,883093.9620818406,4.729758302302384,203.91545216177298,64,60
150,9,0.1,86,exact_dual,926935.7842966218,612690.7868260749,33.90148517235231,730.8023196989462,64,45
150,9,0.1,86,utilization,926935.7842966218,603715.6594712681,34.86974289924732,751.6747088961715,64,37
150,9,0.1,86,degree_product,926935.7842966218,888726.7761015148,4.1220771538236365,88.85815859327207,64,57
150,9,0.1,86,early_price_50,926935.7842966218,626300.0868485203,32.43328206130591,699.1527847630267,64,50
150,9,0.1,86,random_0,926935.7842966218,866954.1233630246,6.470961845443542,139.49223472929592,64,59
150,9,0.1,86,random_1,926935.7842966218,913036.7862888167,1.4994564071503547,32.32325118094206,64,61
150,9,0.1,86,random_2,926935.7842966218,909590.0554980078,1.8712977848596384,40.338904182823256,64,54
150,9,0.1,86,random_3,926935.7842966218,907489.6571670732,2.0978936684707565,45.22355146406646,64,67
150,9,0.1,86,random_4,926935.7842966218,917092.5579215096,1.0619102792089787,22.89122412816789,64,60
150,9,0.1,86,random_5,926935.7842966218,899775.0271647223,2.930165993376728,63.16455146953366,64,60
150,9,0.1,86,random_6,926935.7842966218,889214.9962312632,4.069406824549553,87.72276294269453,64,60
150,9,0.1,86,random_7,926935.7842966218,923104.9839034282,0.41327570454090323,8.908838123706072,64,56
150,9,0.1,86,random_8,926935.7842966218,863894.04360031,6.801090406079123,146.6086992937484,64,62
150,9,0.1,86,random_9,926935.7842966218,919525.4723414195,0.7994417823479922,17.23328361674943,64,64
150,10,0.05,43,exact_dual,869434.8061353018,654875.6257841331,24.678006773722256,997.9496760519476,47,46
150,10,0.05,43,utilization,869434.8061353018,668082.2026137111,23.159022631796518,936.5237373097242,47,44
150,10,0.05,43,degree_product,869434.8061353018,859506.1568379354,1.1419659331905425,46.17976417379714,47,49
150,10,0.05,43,early_price_50,869434.8061353018,649359.3235816767,25.31247668032477,1023.6068955982564,47,49
150,10,0.05,43,random_0,869434.8061353018,854269.304876348,1.744294241723026,70.53721515792476,47,55
150,10,0.05,43,random_1,869434.8061353018,858738.3475032975,1.2302772509822597,49.75097038141549,47,48
150,10,0.05,43,random_2,869434.8061353018,838412.0158376682,3.5681560110909385,144.2920478959703,47,48
150,10,0.05,43,random_3,869434.8061353018,839786.331051771,3.4100860552524246,137.89988410944596,47,56
150,10,0.05,43,random_4,869434.8061353018,859876.306622818,1.0993923230393807,44.45813726736666,47,52
150,10,0.05,43,random_5,869434.8061353018,869434.8061353018,0.0,0.0,47,47
150,10,0.05,43,random_6,869434.8061353018,869421.9131717973,0.0014829131998804219,0.05996727211411696,47,47
150,10,0.05,43,random_7,869434.8061353018,868830.5440426045,0.06950056386439195,2.810521361382873,47,48
150,10,0.05,43,random_8,869434.8061353018,859905.3120561155,1.0960561978816574,44.32322827528534,47,50
150,10,0.05,43,random_9,869434.8061353018,842863.6509067924,3.0561411897713278,123.58676850469512,47,52
150,10,0.1,86,exact_dual,869434.8061353018,652731.7122214487,24.92459381481557,503.96068352058876,47,46
150,10,0.1,86,utilization,869434.8061353018,616859.1592366729,29.0505561907908,587.3852253456487,47,35
150,10,0.1,86,degree_product,869434.8061353018,845697.2914715022,2.730223646016033,55.20352247395271,47,51
150,10,0.1,86,early_price_50,869434.8061353018,627872.525611158,27.783829082930897,561.7727454049857,47,41
150,10,0.1,86,random_0,869434.8061353018,823237.4858327963,5.313488714335675,107.43562861047793,47,53
150,10,0.1,86,random_1,869434.8061353018,823090.197495401,5.330429413782709,107.77815962767629,47,51
150,10,0.1,86,random_2,869434.8061353018,810837.8527971588,6.7396604006010055,136.27198450730947,47,49
150,10,0.1,86,random_3,869434.8061353018,838758.4586711507,3.528309109283259,71.34034293988627,47,52
150,10,0.1,86,random_4,869434.8061353018,806008.7884082394,7.295086104154896,147.502366807122,47,49
150,10,0.1,86,random_5,869434.8061353018,819622.029384679,5.729328570596804,115.84366686191345,47,58
150,10,0.1,86,random_6,869434.8061353018,848624.0081134994,2.3936007478591628,48.39720470186615,47,54
150,10,0.1,86,random_7,869434.8061353018,863574.765845689,0.6740057159272381,13.628000673518224,47,46
150,10,0.1,86,random_8,869434.8061353018,860931.501535715,0.9780267064973687,19.77512697578343,47,48
150,10,0.1,86,random_9,869434.8061353018,823941.998762684,5.232457574920031,105.79722644794857,47,53
150,11,0.05,43,exact_dual,857647.3705398203,718296.4839960826,16.248039850693825,648.1436583429662,44,38
150,11,0.05,43,utilization,857647.3705398203,714380.0792313351,16.704684959077053,666.3594944580707,44,39
150,11,0.05,43,degree_product,857647.3705398203,857644.0883149327,0.00038270097949077455,0.015266162268059371,44,43
150,11,0.05,43,early_price_50,857647.3705398203,717951.6587530174,16.28824579720633,649.747496682804,44,36
150,11,0.05,43,random_0,857647.3705398203,832888.9441649467,2.8867839190470748,115.15547151104006,44,44
150,11,0.05,43,random_1,857647.3705398203,855654.7999422471,0.23232982062534863,9.26777022127062,44,45
150,11,0.05,43,random_2,857647.3705398203,856333.578112318,0.1531856183125021,6.110662453499255,44,41
150,11,0.05,43,random_3,857647.3705398203,857605.2434454695,0.004911936513515991,0.19593997372444286,44,44
150,11,0.05,43,random_4,857647.3705398203,827345.6940163079,3.533116005992051,140.93803034191788,44,44
150,11,0.05,43,random_5,857647.3705398203,847968.43035093,1.1285454280350915,45.01832645995499,44,46
150,11,0.05,43,random_6,857647.3705398203,854343.6719420343,0.38520477194567776,15.366039989702404,44,42
150,11,0.05,43,random_7,857647.3705398203,829201.7452600473,3.316704074061206,132.3052338594094,44,45
150,11,0.05,43,random_8,857647.3705398203,855654.7999422472,0.23232982062533505,9.26777022127008,44,45
150,11,0.05,43,random_9,857647.3705398203,833252.3466513348,2.844411902426844,113.46522738830468,44,44
150,11,0.1,86,exact_dual,857647.3705398203,707133.4988246051,17.54962201078967,350.03225980282593,44,36
150,11,0.1,86,utilization,857647.3705398203,666668.9012859163,22.267714659195924,444.13597500907895,44,28
150,11,0.1,86,degree_product,857647.3705398203,854590.437744212,0.3564323637678975,7.109146036298371,44,41
150,11,0.1,86,early_price_50,857647.3705398203,688208.5515149166,19.756233720888755,394.0437651741947,44,33
150,11,0.1,86,random_0,857647.3705398203,856859.7941246857,0.09182986413622159,1.8315730584525438,44,42
150,11,0.1,86,random_1,857647.3705398203,850032.1027744387,0.8879252740655411,17.709925035771178,44,43
150,11,0.1,86,random_2,857647.3705398203,854156.3875219926,0.4070417677174757,8.118565157738916,44,44
150,11,0.1,86,random_3,857647.3705398203,843785.7146112163,1.616241873379633,32.236409136288266,44,43
150,11,0.1,86,random_4,857647.3705398203,857647.37053982,2.7147596046067442e-14,5.41466613148534e-13,44,44
150,11,0.1,86,random_5,857647.3705398203,854696.7463976213,0.34403698344481115,6.861916609764976,44,42
150,11,0.1,86,random_6,857647.3705398203,838072.8124847849,2.282355047939435,45.5222280349661,44,48
150,11,0.1,86,random_7,857647.3705398203,833727.1812949851,2.7890471149907836,55.62834708101203,44,39
150,11,0.1,86,random_8,857647.3705398203,853379.0171659807,0.4976816253926191,9.926403194975899,44,41
150,11,0.1,86,random_9,857647.3705398203,852760.2588122949,0.5698276349228842,11.365376110524101,44,39
150,12,0.05,43,exact_dual,935444.2801418093,803853.2826682583,14.067219209849927,612.0511510397719,34,33
150,12,0.05,43,utilization,935444.2801418093,795636.5801619388,14.945593548198962,650.2683719993975,34,35
150,12,0.05,43,degree_product,935444.2801418093,931628.4031356645,0.4079213574929613,17.748265144859204,34,32
150,12,0.05,43,early_price_50,935444.2801418093,819412.0157831968,12.403973900083338,539.6849505051744,34,36
150,12,0.05,43,random_0,935444.2801418093,931365.7488550806,0.43599938267946836,18.969912961528767,34,36
150,12,0.05,43,random_1,935444.2801418093,892324.2538676296,4.609577201930496,200.55826174037065,34,38
150,12,0.05,43,random_2,935444.2801418093,929392.9764902603,0.6468908710021265,28.14559837929731,34,33
150,12,0.05,43,random_3,935444.2801418093,935259.3869041756,0.019765286031317827,0.8599685471331657,34,33
150,12,0.05,43,random_4,935444.2801418093,927618.3425100193,0.8366011528344122,36.39970991530207,34,31
150,12,0.05,43,random_5,935444.2801418093,934711.9415813576,0.07828778004186607,3.4062258625657535,34,33
150,12,0.05,43,random_6,935444.2801418093,935444.2801418093,0.0,0.0,34,34
150,12,0.05,43,random_7,935444.2801418093,935212.5605222869,0.02477107663614226,1.0777656721969158,34,34
150,12,0.05,43,random_8,935444.2801418093,934434.4021185095,0.10795704722751041,4.69710708511506,34,33
150,12,0.05,43,random_9,935444.2801418093,932004.5990435783,0.3677056101844524,15.99851673595813,34,34
150,12,0.1,86,exact_dual,935444.2801418093,796695.8271731765,14.832358903044353,322.6708208572856,34,32
150,12,0.1,86,utilization,935444.2801418093,775003.811558627,17.15125871087267,373.11736879809814,34,22
150,12,0.1,86,degree_product,935444.2801418093,925804.1116544156,1.0305443832455996,22.418996482310806,34,34
150,12,0.1,86,early_price_50,935444.2801418093,782413.4558374191,16.35915976536746,355.88563791718633,34,27
150,12,0.1,86,random_0,935444.2801418093,927277.7332414878,0.8730126501049836,18.991969535631387,34,37
150,12,0.1,86,random_1,935444.2801418093,931331.5179362404,0.43965870473283175,9.564563268764745,34,33
150,12,0.1,86,random_2,935444.2801418093,934850.8559423792,0.06343768538945779,1.380056277744277,34,30
150,12,0.1,86,random_3,935444.2801418093,922268.6952087986,1.4084842050681274,30.640895193047974,34,37
150,12,0.1,86,random_4,935444.2801418093,925726.9536075878,1.0387926614665184,22.59843380051492,34,34
150,12,0.1,86,random_5,935444.2801418093,932104.5706418346,0.35701853877051165,7.766766279010741,34,30
150,12,0.1,86,random_6,935444.2801418093,932132.8267202931,0.35399793358233045,7.701054468642119,34,33
150,12,0.1,86,random_7,935444.2801418093,933754.2340779855,0.18066774255838502,3.930339683311028,34,34
150,12,0.1,86,random_8,935444.2801418093,924570.2473501485,1.1624458048973578,25.28844835269942,34,33
150,12,0.1,86,random_9,935444.2801418093,927731.8744920107,0.824464461809463,17.93582709255482,34,33
150,13,0.05,43,exact_dual,1021752.1657094794,826779.8274484115,19.08215561507363,906.8480849351994,62,54
150,13,0.05,43,utilization,1021752.1657094794,861087.0983120643,15.724465559204685,747.2793832437909,62,56
150,13,0.05,43,degree_product,1021752.1657094794,1021382.2177311855,0.036207212542289036,1.7206882711342903,62,62
150,13,0.05,43,early_price_50,1021752.1657094794,887202.4944309222,13.168523228441527,625.8124245514286,62,69
150,13,0.05,43,random_0,1021752.1657094794,1019308.7860481689,0.23913623511762677,11.364556564234716,62,63
150,13,0.05,43,random_1,1021752.1657094794,1005430.9284544198,1.5973773095676749,75.91273141888155,62,66
150,13,0.05,43,random_2,1021752.1657094794,982718.0343866895,3.8203130497585476,181.5540991757666,62,66
150,13,0.05,43,random_3,1021752.1657094794,1000617.8707861658,2.068436518423077,98.29904615494672,62,60
150,13,0.05,43,random_4,1021752.1657094794,1021041.849666493,0.06951940664526249,3.303795548773717,62,62
150,13,0.05,43,random_5,1021752.1657094794,1021059.2900648407,0.06781249581766759,3.2226774169240406,62,62
150,13,0.05,43,random_6,1021752.1657094794,1009555.2293811291,1.193727474987143,56.729936410931245,62,66
150,13,0.05,43,random_7,1021752.1657094794,1016635.7188740494,0.500752237885129,23.797427141534836,62,64
150,13,0.05,43,random_8,1021752.1657094794,1016936.5793271603,0.4713066968617854,22.39807619683304,62,66
150,13,0.05,43,random_9,1021752.1657094794,1013544.3815747357,0.8033047944698347,38.17574016159823,62,65
150,13,0.1,86,exact_dual,1021752.1657094794,793464.3924933469,22.3427736076894,530.9017981770521,62,55
150,13,0.1,86,utilization,1021752.1657094794,786425.1782775013,23.031709188360065,547.272063795298,62,49
150,13,0.1,86,degree_product,1021752.1657094794,1018410.5084212943,0.32705164719320406,7.771296019035089,62,62
150,13,0.1,86,early_price_50,1021752.1657094794,803514.251297824,21.359182954128254,507.53003351547767,62,59
150,13,0.1,86,random_0,1021752.1657094794,989845.9906818114,3.1226921849011355,74.2004070410884,62,56
150,13,0.1,86,random_1,1021752.1657094794,997666.6453486487,2.357276174120592,56.0128380484435,62,59
150,13,0.1,86,random_2,1021752.1657094794,1018096.5835108992,0.35777582091463433,8.501353950186383,62,60
150,13,0.1,86,random_3,1021752.1657094794,980949.7102536522,3.993380863303085,94.88943129262134,62,60
150,13,0.1,86,random_4,1021752.1657094794,1013672.6262079795,0.7907533521976553,18.78962674767407,62,64
150,13,0.1,86,random_5,1021752.1657094794,1007593.3456192532,1.3857391807331867,32.92748858192123,62,69
150,13,0.1,86,random_6,1021752.1657094794,1012264.6045555881,0.9285579685855949,22.06409570672387,62,59
150,13,0.1,86,random_7,1021752.1657094794,989232.4716065988,3.1827379666281086,75.6271955880943,62,66
150,13,0.1,86,random_8,1021752.1657094794,1006615.0888095102,1.4814822427568162,35.202504418532875,62,63
150,13,0.1,86,random_9,1021752.1657094794,981704.1474759579,3.9195432686666383,93.13492612446859,62,64
150,14,0.05,43,exact_dual,1035105.9927781938,834417.0359324148,19.38825185497533,933.4370085850185,46,48
150,14,0.05,43,utilization,1035105.9927781938,840853.2688317178,18.76645728087299,903.5010416115163,46,48
150,14,0.05,43,degree_product,1035105.9927781938,1033911.3475625603,0.11541283926171168,5.556489375039264,46,45
150,14,0.05,43,early_price_50,1035105.9927781938,863972.3056758941,16.532962643079856,795.9706376851146,46,51
150,14,0.05,43,random_0,1035105.9927781938,1031203.3218125541,0.3770310473389289,18.151957979719263,46,42
150,14,0.05,43,random_1,1035105.9927781938,1028388.2614099323,0.6489897087960349,31.24526217796049,46,50
150,14,0.05,43,random_2,1035105.9927781938,1033184.9712894635,0.18558693526393036,8.934983668513162,46,45
150,14,0.05,43,random_3,1035105.9927781938,1035105.9927781938,0.0,0.0,46,46
150,14,0.05,43,random_4,1035105.9927781938,1003128.1096007273,3.0893341745262983,148.73434036030912,46,44
150,14,0.05,43,random_5,1035105.9927781938,1034291.8478230113,0.07865329356245992,3.786720721778828,46,42
150,14,0.05,43,random_6,1035105.9927781938,1024861.2691142922,0.9897270168830755,47.64987750651889,46,45
150,14,0.05,43,random_7,1035105.9927781938,1018619.8201094882,1.5927038181333661,76.67987287770036,46,45
150,14,0.05,43,random_8,1035105.9927781938,1021945.8839073129,1.2713779035864308,61.20980870177168,46,43
150,14,0.05,43,random_9,1035105.9927781938,1032993.3478374965,0.20409938261751942,9.826255538126691,46,45
150,14,0.1,86,exact_dual,1035105.9927781938,828511.3629318825,19.958789852217688,480.45262754956116,46,46
150,14,0.1,86,utilization,1035105.9927781938,805259.6067655942,22.205106299858112,534.5264790990688,46,43
150,14,0.1,86,degree_product,1035105.9927781938,1033842.0542080994,0.12210716379894948,2.939392023475375,46,45
150,14,0.1,86,early_price_50,1035105.9927781938,819753.0983847651,20.80491233708617,500.8206846358807,46,41
150,14,0.1,86,random_0,1035105.9927781938,1025357.9593790134,0.9417425333435623,22.669845114373008,46,43
150,14,0.1,86,random_1,1035105.9927781938,997237.5863122935,3.658408581353352,88.06606154860522,46,49
150,14,0.1,86,random_2,1035105.9927781938,1021486.4208719798,1.3157659216772062,31.67342303770697,46,43
150,14,0.1,86,random_3,1035105.9927781938,1000727.5972032683,3.3212439899661748,79.94975715098946,46,45
150,14,0.1,86,random_4,1035105.9927781938,998068.2710390707,3.578157405862849,86.13423660261188,46,38
150,14,0.1,86,random_5,1035105.9927781938,1020918.2548018552,1.3706555729871808,32.9947394798572,46,49
150,14,0.1,86,random_6,1035105.9927781938,999098.5158866863,3.478627033630103,83.73831835234304,46,40
150,14,0.1,86,random_7,1035105.9927781938,1024441.8246216505,1.0302489050344468,24.80039106172856,46,42
150,14,0.1,86,random_8,1035105.9927781938,989910.5160020571,4.366265589365717,105.10575994450387,46,46
150,14,0.1,86,random_9,1035105.9927781938,1012563.0542575208,2.1778386636684797,52.425438420169684,46,43
150,15,0.05,43,exact_dual,791315.9209809407,591409.1759490848,25.262570830629194,929.7988141016552,61,53
150,15,0.05,43,utilization,791315.9209809407,606225.5637519389,23.390197558461587,860.8853824604736,61,48
150,15,0.05,43,degree_product,791315.9209809407,787158.696968799,0.5253557905151547,19.335925637868364,61,64
150,15,0.05,43,early_price_50,791315.9209809407,659894.2739714507,16.607987217870637,611.2634744627439,61,59
150,15,0.05,43,random_0,791315.9209809407,781325.6114495944,1.2624931795839522,46.466555959750295,61,62
150,15,0.05,43,random_1,791315.9209809407,790596.7459119203,0.09088343226164969,3.3450003210249424,61,60
150,15,0.05,43,random_2,791315.9209809407,771811.5862535833,2.4647974608142817,90.7178359411971,61,61
150,15,0.05,43,random_3,791315.9209809407,789342.0815137072,0.24943760322510353,9.180648684807036,61,58
150,15,0.05,43,random_4,791315.9209809407,788392.0468050396,0.3694951786483116,13.599414771632834,61,61
150,15,0.05,43,random_5,791315.9209809407,785677.5438194014,0.7125317476931037,26.225010053671053,61,65
150,15,0.05,43,random_6,791315.9209809407,780604.3090001123,1.3536454526973096,49.82145107362019,61,59
150,15,0.05,43,random_7,791315.9209809407,789201.5856929868,0.2671923099099087,9.83411761838997,61,64
150,15,0.05,43,random_8,791315.9209809407,787738.8235625862,0.45204416131551983,16.637662410951044,61,65
150,15,0.05,43,random_9,791315.9209809407,790173.9187075504,0.14431685792125093,5.311638480885128,61,61
150,15,0.1,86,exact_dual,791315.9209809407,555791.975527036,29.763579780113815,547.7301057067551,61,36
150,15,0.1,86,utilization,791315.9209809407,551605.187766587,30.292671594070868,557.4668214287295,61,37
150,15,0.1,86,degree_product,791315.9209809407,786710.3284827726,0.582016913353503,10.710680228297946,61,64
150,15,0.1,86,early_price_50,791315.9209809407,575391.8323342964,27.286711024211144,502.14904336428896,61,40
150,15,0.1,86,random_0,791315.9209809407,791315.9209809405,2.9423222442592244e-14,5.41466613148534e-13,61,61
150,15,0.1,86,random_1,791315.9209809407,761915.5976519558,3.7153711367944315,68.37284495112768,61,53
150,15,0.1,86,random_2,791315.9209809407,786456.9871619634,0.6140321065389454,11.299846090644944,61,62
150,15,0.1,86,random_3,791315.9209809407,748238.5604318464,5.443762649902732,100.17990825370761,61,61
150,15,0.1,86,random_4,791315.9209809407,773199.6110737438,2.2893902961966623,42.13095327255094,61,59
150,15,0.1,86,random_5,791315.9209809407,731847.9829108791,7.5150690758683645,138.29753039549215,61,69
150,15,0.1,86,random_6,791315.9209809407,773570.947612435,2.242463837516181,41.26737992675748,61,61
150,15,0.1,86,random_7,791315.9209809407,762220.2261192175,3.6768746957163794,67.6644066551703,61,57
150,15,0.1,86,random_8,791315.9209809407,764277.1982993755,3.416931463737914,62.880750422244674,61,61
150,15,0.1,86,random_9,791315.9209809407,777150.7920909649,1.790072525321655,32.94216020924613,61,58
150,16,0.05,43,exact_dual,854370.8245400725,637171.4052135812,25.422148449815662,1010.2298573325177,59,48
150,16,0.05,43,utilization,854370.8245400725,656663.2091839808,23.140726447736814,919.5703039818216,59,48
150,16,0.05,43,degree_product,854370.8245400725,847586.3247685122,0.7940931006407624,31.555812890978185,59,59
150,16,0.05,43,early_price_50,854370.8245400725,716736.0612749691,16.109487743708396,640.1616896051318,59,50
150,16,0.05,43,random_0,854370.8245400725,833958.0585283233,2.389216184054251,94.94309772906587,59,58
150,16,0.05,43,random_1,854370.8245400725,854370.8245400725,0.0,0.0,59,59
150,16,0.05,43,random_2,854370.8245400725,823464.5229151341,3.617434109079738,143.75024011599245,59,57
150,16,0.05,43,random_3,854370.8245400725,851611.7211211196,0.32293979846961546,12.833039157920474,59,54
150,16,0.05,43,random_4,854370.8245400725,854370.8245400732,-8.17551244610469e-14,-3.248799678891204e-12,59,59
150,16,0.05,43,random_5,854370.8245400725,842989.7367575997,1.332101642000641,52.935292011501026,59,58
150,16,0.05,43,random_6,854370.8245400725,854327.4444911195,0.0050774263009682255,0.201767669548822,59,58
150,16,0.05,43,random_7,854370.8245400725,851545.9758819906,0.3306349628222059,13.138830967822523,59,58
150,16,0.05,43,random_8,854370.8245400725,820629.7962319338,3.9492252472809204,156.9350153866917,59,57
150,16,0.05,43,random_9,854370.8245400725,807418.5452457634,5.495538698852994,218.3826943921353,59,64
150,16,0.1,86,exact_dual,854370.8245400725,598918.0810877334,29.899516242242377,594.0761475635793,59,35
150,16,0.1,86,utilization,854370.8245400725,596260.0263666078,30.21062877614199,600.2576701708482,59,28
150,16,0.1,86,degree_product,854370.8245400725,821868.3282617036,3.8042610239957235,75.58720064736946,59,52
150,16,0.1,86,early_price_50,854370.8245400725,627048.7115941413,26.606961101264652,528.6560766184446,59,44
150,16,0.1,86,random_0,854370.8245400725,845631.8184962652,1.0228586689522858,20.323269869319194,59,57
150,16,0.1,86,random_1,854370.8245400725,774763.3942399623,9.317667225231462,185.13355883746544,59,62
150,16,0.1,86,random_2,854370.8245400725,801848.2011179978,6.147520715065247,122.14563586529003,59,56
150,16,0.1,86,random_3,854370.8245400725,799949.2664694224,6.369781891832094,126.56176295500022,59,60
150,16,0.1,86,random_4,854370.8245400725,854048.0592529312,0.03777812606312577,0.7506169468402689,59,57
150,16,0.1,86,random_5,854370.8245400725,819534.4292517747,4.077432689377124,81.01487276348324,59,56
150,16,0.1,86,random_6,854370.8245400725,765051.3794453689,10.454411893428864,207.7196397551246,59,55
150,16,0.1,86,random_7,854370.8245400725,808440.1327373607,5.375966791403178,106.81556233188793,59,54
150,16,0.1,86,random_8,854370.8245400725,832593.8179364279,2.5488939905418286,50.6442014038246,59,59
150,16,0.1,86,random_9,854370.8245400725,796213.2970424241,6.807059162975973,135.2500639480195,59,60
150,17,0.05,43,exact_dual,969261.86204793,807757.1729573009,16.662647671846877,751.1846004215307,64,49
150,17,0.05,43,utilization,969261.86204793,811846.0365632137,16.240794324881023,732.1666301614713,64,52
150,17,0.05,43,degree_product,969261.86204793,967409.4217420514,0.19111866239786476,8.616001422691355,64,62
150,17,0.05,43,early_price_50,969261.86204793,850539.4789959798,12.248741821029109,552.1971304741872,64,57
150,17,0.05,43,random_0,969261.86204793,969015.6623246439,0.025400743898650782,1.1451149920283188,64,61
150,17,0.05,43,random_1,969261.86204793,949240.0286049428,2.0656784535691446,93.12480671156825,64,63
150,17,0.05,43,random_2,969261.86204793,953719.5437715689,1.6035210797959292,72.28985244819114,64,63
150,17,0.05,43,random_3,969261.86204793,968474.4246775049,0.08124093201824044,3.662499397326001,64,63
150,17,0.05,43,random_4,969261.86204793,966937.7688732136,0.23977969893563514,10.809735696355617,64,60
150,17,0.05,43,random_5,969261.86204793,963309.5523148591,0.6141074941806136,27.68516154916697,64,64
150,17,0.05,43,random_6,969261.86204793,967776.878528054,0.1532076704987072,6.9069000924466355,64,64
150,17,0.05,43,random_7,969261.86204793,956842.7878822725,1.2812919451320977,57.76313565422099,64,60
150,17,0.05,43,random_8,969261.86204793,957191.4866239474,1.2453162449288386,56.14128104177964,64,66
150,17,0.05,43,random_9,969261.86204793,962836.8035586497,0.6628815948359854,29.883992973396683,64,63
150,17,0.1,86,exact_dual,969261.86204793,775003.0856382488,20.041929226353393,451.76459630158416,64,44
150,17,0.1,86,utilization,969261.86204793,754822.2757610359,22.124009484269806,498.6967122951027,64,41
150,17,0.1,86,degree_product,969261.86204793,965104.8647696418,0.42888278607238506,9.667435530902884,64,58
150,17,0.1,86,early_price_50,969261.86204793,793097.2489023228,18.175130998489223,409.6851468502492,64,47
150,17,0.1,86,random_0,969261.86204793,914469.5750828733,5.652991117311412,127.4239231745504,64,58
150,17,0.1,86,random_1,969261.86204793,941471.8580930005,2.867130653032474,64.62791617425472,64,58
150,17,0.1,86,random_2,969261.86204793,908817.575874737,6.236115186197644,140.56810737951864,64,61
150,17,0.1,86,random_3,969261.86204793,959190.7857493268,1.0390459681684237,23.421107671170247,64,63
150,17,0.1,86,random_4,969261.86204793,932614.1222755479,3.7809947143643874,85.22730179623738,64,64
150,17,0.1,86,random_5,969261.86204793,966298.8209701364,0.30570078054376737,6.890793204171106,64,63
150,17,0.1,86,random_6,969261.86204793,958139.5718247133,1.1475010684642781,25.86579121678315,64,60
150,17,0.1,86,random_7,969261.86204793,966903.148591527,0.243351518176866,5.485380131169764,64,62
150,17,0.1,86,random_8,969261.86204793,957934.5204351742,1.1686564855469006,26.34265491338555,64,64
150,17,0.1,86,random_9,969261.86204793,946437.4432832882,2.3548248062104387,53.080043638701994,64,64
150,18,0.05,43,exact_dual,927560.7491826863,704238.9861155426,24.07624118031322,1038.705874730901,45,41
150,18,0.05,43,utilization,927560.7491826863,723570.7408340685,21.992091464452564,948.7907365051991,45,38
150,18,0.05,43,degree_product,927560.7491826863,923510.6520184801,0.4366395589480173,18.83766122886608,45,43
150,18,0.05,43,early_price_50,927560.7491826863,735747.9953931987,20.679265908836925,892.1523432069192,45,48
150,18,0.05,43,random_0,927560.7491826863,918492.4303612654,0.9776522809326913,42.178227076376245,45,44
150,18,0.05,43,random_1,927560.7491826863,927560.749182686,3.7652085406647497e-14,1.624399839445602e-12,45,45
150,18,0.05,43,random_2,927560.7491826863,927378.7661099947,0.019619531427127565,0.8464328962399863,45,43
150,18,0.05,43,random_3,927560.7491826863,916139.6003542077,1.2313100612054049,53.121622458040214,45,44
150,18,0.05,43,random_4,927560.7491826863,904827.176665788,2.4508985030823913,105.73754659022454,45,50
150,18,0.05,43,random_5,927560.7491826863,882671.1407653625,4.839532985508276,208.78887635964554,45,46
150,18,0.05,43,random_6,927560.7491826863,927466.518414631,0.010158986151401577,0.43828264211770146,45,44
150,18,0.05,43,random_7,927560.7491826863,893523.1924741416,3.6695770857635663,158.31421724904524,45,47
150,18,0.05,43,random_8,927560.7491826863,903339.9090951132,2.61124029977715,112.65507017475889,45,41
150,18,0.05,43,random_9,927560.7491826863,927065.8517271562,0.05335472161432016,2.3018486303726733,45,45
150,18,0.1,86,exact_dual,927560.7491826863,702785.3544604111,24.232956700715775,522.7334760983144,45,38
150,18,0.1,86,utilization,927560.7491826863,688151.7385321425,25.810601716544973,556.7651410477764,45,28
150,18,0.1,86,degree_product,927560.7491826863,915868.3138638263,1.2605573628641251,27.191710043860446,45,46
150,18,0.1,86,early_price_50,927560.7491826863,708006.4683965648,23.670070233090417,510.5913506653988,45,38
150,18,0.1,86,random_0,927560.7491826863,916259.373337895,1.218397377718864,26.28226940649139,45,51
150,18,0.1,86,random_1,927560.7491826863,863717.10815777,6.882960612679191,148.47358377887517,45,46
150,18,0.1,86,random_2,927560.7491826863,882369.5702307812,4.8720451993818195,105.09576500443049,45,44
150,18,0.1,86,random_3,927560.7491826863,906347.6232280523,2.2869796909071285,49.33285105728847,45,43
150,18,0.1,86,random_4,927560.7491826863,908778.6747061574,2.024888881194963,43.67924296867189,45,46
150,18,0.1,86,random_5,927560.7491826863,925040.7362839481,0.2716817093606812,5.860495113344798,45,43
150,18,0.1,86,random_6,927560.7491826863,885957.4287643227,4.485239425560228,96.75190794968296,45,44
150,18,0.1,86,random_7,927560.7491826863,916407.1438382543,1.2024662917506996,25.93861708007455,45,45
150,18,0.1,86,random_8,927560.7491826863,915599.6228944933,1.2895248423062864,27.81657276323964,45,43
150,18,0.1,86,random_9,927560.7491826863,913451.3819646223,1.5211259457126014,32.81248190247448,45,39
150,19,0.05,43,exact_dual,1175174.6875548651,892950.9387026939,24.01547206904038,1312.6685993124242,66,68
150,19,0.05,43,utilization,1175174.6875548651,957795.6788500927,18.497591124691724,1011.0651567663836,66,64
150,19,0.05,43,degree_product,1175174.6875548651,1148502.0733185252,2.2696722894735313,124.05867086669733,66,65
150,19,0.05,43,early_price_50,1175174.6875548651,912078.6609542685,22.387822796626864,1223.7024493051006,66,61
150,19,0.05,43,random_0,1175174.6875548651,1162609.0356152088,1.069258219456816,58.44489274258768,66,65
150,19,0.05,43,random_1,1175174.6875548651,1154071.709643411,1.7957311483080194,98.15338563467051,66,62
150,19,0.05,43,random_2,1175174.6875548651,1170667.1858217327,0.3835601447909815,20.965124340150723,66,58
150,19,0.05,43,random_3,1175174.6875548651,1161918.9675809948,1.1279786838713246,61.65451150637358,66,67
150,19,0.05,43,random_4,1175174.6875548651,1158520.1410727983,1.4171975161173056,77.46300689333421,66,64
150,19,0.05,43,random_5,1175174.6875548651,1154972.683669587,1.7190639059212274,93.96280876873602,66,65
150,19,0.05,43,random_6,1175174.6875548651,1160310.0694073436,1.2648858339903217,69.13775882568146,66,67
150,19,0.05,43,random_7,1175174.6875548651,1142789.7031832477,2.7557591832580624,150.62783428659273,66,68
150,19,0.05,43,random_8,1175174.6875548651,1152494.222910014,1.9299653817460465,105.49053323186587,66,63
150,19,0.05,43,random_9,1175174.6875548651,1169924.0084498113,0.4467998809588682,24.421763279320412,66,62
150,19,0.1,86,exact_dual,1175174.6875548651,847557.2777501994,27.878188091876368,761.9009530341064,66,48
150,19,0.1,86,utilization,1175174.6875548651,837608.9345997131,28.724729738479176,785.0366347794234,66,44
150,19,0.1,86,degree_product,1175174.6875548651,1145950.417440632,2.486802211085649,67.9634188703099,66,58
150,19,0.1,86,early_price_50,1175174.6875548651,857782.2343976912,27.00810837047202,738.121984086451,66,46
150,19,0.1,86,random_0,1175174.6875548651,1154582.1710100684,1.752294085540824,47.88957335999246,66,67
150,19,0.1,86,random_1,1175174.6875548651,1155133.5704138856,1.7053734524080149,46.607249165068616,66,62
150,19,0.1,86,random_2,1175174.6875548651,1165321.575231806,0.8384381000887772,22.914214704788918,66,63
150,19,0.1,86,random_3,1175174.6875548651,1143956.3931564637,2.656481179266714,72.6006846474451,66,67
150,19,0.1,86,random_4,1175174.6875548651,1153170.7293746413,1.8723989219004116,51.17199576796238,66,64
150,19,0.1,86,random_5,1175174.6875548651,1148065.3117210933,2.306837963824526,63.04506007853928,66,59
150,19,0.1,86,random_6,1175174.6875548651,1113351.6664302081,5.260751595432121,143.7744677317605,66,54
150,19,0.1,86,random_7,1175174.6875548651,1137880.5844019866,3.173494421537857,86.73047244855485,66,59
150,19,0.1,86,random_8,1175174.6875548651,1116956.5575965554,4.953997952376053,135.3909999030458,66,61
150,19,0.1,86,random_9,1175174.6875548651,1164207.9105028787,0.9332039881495852,25.504132679038204,66,62
300,0,0.05,86,exact_dual,1294161.2275254633,970043.6996749581,25.044601936517836,753.7616926755935,110,94
300,0,0.05,86,utilization,1294161.2275254633,986096.7856809018,23.804177971983027,716.428934522236,110,97
300,0,0.05,86,degree_product,1294161.2275254633,1265089.8946367863,2.24634553024461,67.60775090390004,110,100
300,0,0.05,86,early_price_50,1294161.2275254633,1071657.726420761,17.192873374065318,517.450002569075,110,98
300,0,0.05,86,random_0,1294161.2275254633,1279604.2942954947,1.1248160523092348,33.85333309295035,110,106
300,0,0.05,86,random_1,1294161.2275254633,1259489.453984492,2.679092280276891,80.63203149063101,110,112
300,0,0.05,86,random_2,1294161.2275254633,1283495.003483952,0.8241804664404877,24.805172189561173,110,105
300,0,0.05,86,random_3,1294161.2275254633,1238517.233108412,4.299618411799197,129.4046381791891,110,107
300,0,0.05,86,random_4,1294161.2275254633,1280353.061452549,1.0669587203842184,32.11201412305669,110,112
300,0,0.05,86,random_5,1294161.2275254633,1273484.255384623,1.5977122248034141,48.08598172288431,110,108
300,0,0.05,86,random_6,1294161.2275254633,1277995.8642526856,1.2490996429932604,37.593868076227345,110,103
300,0,0.05,86,random_7,1294161.2275254633,1289680.0661374165,0.34625990121919625,10.421305553597225,110,109
300,0,0.05,86,random_8,1294161.2275254633,1274345.9683773068,1.5311275540254607,46.08199801896861,110,109
300,0,0.05,86,random_9,1294161.2275254633,1280932.6197444724,1.022176178642364,30.764204141839276,110,111
300,0,0.1,171,exact_dual,1294161.2275254633,960100.7126039739,25.812897791741065,390.7140525397537,110,90
300,0,0.1,171,utilization,1294161.2275254633,928089.204712687,28.28643101236579,428.1544126465221,110,65
300,0,0.1,171,degree_product,1294161.2275254633,1256576.7058073166,2.9041606964235256,43.95850493350496,110,93
300,0,0.1,171,early_price_50,1294161.2275254633,956065.7898436025,26.124676778358253,395.4332604466209,110,81
300,0,0.1,171,random_0,1294161.2275254633,1257629.6920055726,2.822796321115403,42.726942128527156,110,103
300,0,0.1,171,random_1,1294161.2275254633,1269887.9315837238,1.8756006149366722,28.38981981490009,110,105
300,0,0.1,171,random_2,1294161.2275254633,1256831.5462943888,2.8844691400971536,43.66044588429766,110,107
300,0,0.1,171,random_3,1294161.2275254633,1249892.8791881104,3.4206208156921445,51.77584600859997,110,105
300,0,0.1,171,random_4,1294161.2275254633,1273319.7842090689,1.6104209331201276,24.375957095198203,110,107
300,0,0.1,171,random_5,1294161.2275254633,1274972.9447713352,1.4826810096001397,22.44243596974047,110,106
300,0,0.1,171,random_6,1294161.2275254633,1218550.5259149359,5.842448375238455,88.43356913511984,110,112
300,0,0.1,171,random_7,1294161.2275254633,1267027.5764514764,2.0966206139453383,31.735264414019763,110,107
300,0,0.1,171,random_8,1294161.2275254633,1250798.6385531006,3.350632676214178,50.71647833024876,110,105
300,0,0.1,171,random_9,1294161.2275254633,1229070.5088905261,5.02956797426204,76.1294954794587,110,107
300,1,0.05,86,exact_dual,1853157.7053582564,1512989.8018795438,18.356122767919018,791.0881476249128,114,103
300,1,0.05,86,utilization,1853157.7053582564,1552997.3812664456,16.19723584365871,698.0472653297924,114,91
300,1,0.05,86,degree_product,1853157.7053582564,1802312.7240923105,2.7436942424776722,118.24414247894379,114,105
300,1,0.05,86,early_price_50,1853157.7053582564,1589275.8002976123,14.239581677136854,613.678848978242,114,117
300,1,0.05,86,random_0,1853157.7053582564,1807173.321085993,2.48140695955359,106.94042854014741,114,114
300,1,0.05,86,random_1,1853157.7053582564,1846321.396231147,0.3689005586163941,15.898393318858972,114,111
300,1,0.05,86,random_2,1853157.7053582564,1848566.5846540297,0.2477458173663151,10.677024893550376,114,109
300,1,0.05,86,random_3,1853157.7053582564,1824297.5432092475,1.557350573324763,67.11665616048565,114,115
300,1,0.05,86,random_4,1853157.7053582564,1813536.2846657762,2.138049048816408,92.14283881972132,114,112
300,1,0.05,86,random_5,1853157.7053582564,1833233.1767568914,1.0751663791891408,46.33611302643007,114,104
300,1,0.05,86,random_6,1853157.7053582564,1848270.2134849413,0.26373858302416897,11.366260170500162,114,111
300,1,0.05,86,random_7,1853157.7053582564,1850401.121118817,0.14875065578438892,6.410661021951954,114,112
300,1,0.05,86,random_8,1853157.7053582564,1820610.907632233,1.7562886111590394,75.69022726982149,114,109
300,1,0.05,86,random_9,1853157.7053582564,1850105.525081129,0.16470159384180705,7.098093667737923,114,110
300,1,0.1,171,exact_dual,1853157.7053582564,1447634.189379449,21.88283894059684,474.2965099167337,114,89
300,1,0.1,171,utilization,1853157.7053582564,1426556.20100378,23.02024825631367,498.9491278999725,114,75
300,1,0.1,171,degree_product,1853157.7053582564,1796610.0739714582,3.0514203525849517,66.13758056935451,114,101
300,1,0.1,171,early_price_50,1853157.7053582564,1454512.5905929364,21.51166701099802,466.2515962167485,114,87
300,1,0.1,171,random_0,1853157.7053582564,1815888.39548252,2.0111245668933107,43.58983611197222,114,104
300,1,0.1,171,random_1,1853157.7053582564,1842987.645693149,0.5487962322743225,11.89480662585661,114,106
300,1,0.1,171,random_2,1853157.7053582564,1832686.3727127635,1.1046729906635389,23.94307911753551,114,107
300,1,0.1,171,random_3,1853157.7053582564,1840180.8272854278,0.7002576216426115,15.177635172898855,114,112
300,1,0.1,171,random_4,1853157.7053582564,1823324.1781837784,1.6098752463547321,34.89301423915548,114,103
300,1,0.1,171,random_5,1853157.7053582564,1807457.8422317535,2.4660536442400645,53.45013231169923,114,105
300,1,0.1,171,random_6,1853157.7053582564,1820806.3406745775,1.7457426634623416,37.83785343120332,114,103
300,1,0.1,171,random_7,1853157.7053582564,1807704.6294426823,2.4527365255612184,53.161492298917075,114,112
300,1,0.1,171,random_8,1853157.7053582564,1774706.982245137,4.233353852523475,91.75523171125073,114,121
300,1,0.1,171,random_9,1853157.7053582564,1820776.122287348,1.7473733065070338,37.873196574161916,114,107
300,2,0.05,86,exact_dual,1979433.008440517,1539988.8386759097,22.20050731147605,1021.9631854990865,140,133
300,2,0.05,86,utilization,1979433.008440517,1569063.9481886972,20.731646815121376,954.3466517484178,140,130
300,2,0.05,86,degree_product,1979433.008440517,1946041.2947175463,1.6869332571794389,77.65514819295481,140,145
300,2,0.05,86,early_price_50,1979433.008440517,1632364.8061317613,17.5337180308108,807.1353542064084,140,140
300,2,0.05,86,random_0,1979433.008440517,1957861.4856189513,1.0897829191279682,50.16633214317587,140,141
300,2,0.05,86,random_1,1979433.008440517,1966966.2633664228,0.629813942726755,28.99243040486986,140,139
300,2,0.05,86,random_2,1979433.008440517,1959309.5808082232,1.01662584924497,46.798668912310845,140,138
300,2,0.05,86,random_3,1979433.008440517,1965374.661763343,0.710220887356508,32.693829481799675,140,143
300,2,0.05,86,random_4,1979433.008440517,1960065.6764446327,0.9784282627045112,45.04030696717253,140,139
300,2,0.05,86,random_5,1979433.008440517,1927367.343456973,2.6303322598708903,121.08294182219488,140,137
300,2,0.05,86,random_6,1979433.008440517,1935384.4531044546,2.225311750801089,102.4385007815403,140,148
300,2,0.05,86,random_7,1979433.008440517,1954583.2897008876,1.255395794334406,57.79004358053316,140,138
300,2,0.05,86,random_8,1979433.008440517,1978689.061609811,0.037583834741246734,1.7301089086185404,140,138
300,2,0.05,86,random_9,1979433.008440517,1957921.910338547,1.0867302914644827,50.02580953946467,140,140
300,2,0.1,171,exact_dual,1979433.008440517,1451543.9997314832,26.668697877526434,617.4140452737237,140,110
300,2,0.1,171,utilization,1979433.008440517,1427898.765439631,27.863243699033216,645.0692900595158,140,105
300,2,0.1,171,degree_product,1979433.008440517,1918133.9304844923,3.0967998257399287,71.69482801874217,140,134
300,2,0.1,171,early_price_50,1979433.008440517,1486678.8557489126,24.893701913146202,576.320646422929,140,117
300,2,0.1,171,random_0,1979433.008440517,1906045.2146809741,3.707515912213712,85.83367691174591,140,141
300,2,0.1,171,random_1,1979433.008440517,1895552.5565354053,4.237599936316926,98.10579170188485,140,147
300,2,0.1,171,random_2,1979433.008440517,1909307.3473854724,3.542714542801958,82.01831702344387,140,153
300,2,0.1,171,random_3,1979433.008440517,1893379.9305922312,4.347359950114301,100.64687467635751,140,142
300,2,0.1,171,random_4,1979433.008440517,1892614.4275638845,4.386032793553938,101.54219985571036,140,146
300,2,0.1,171,random_5,1979433.008440517,1872707.2740607744,5.391732578200546,124.82542032718425,140,137
300,2,0.1,171,random_6,1979433.008440517,1932307.6825008024,2.3807487163630667,55.11734028036777,140,134
300,2,0.1,171,random_7,1979433.008440517,1935831.6850282021,2.202717809917991,50.99569989744416,140,140
300,2,0.1,171,random_8,1979433.008440517,1885780.5607129196,4.731276447763229,109.53502658198516,140,143
300,2,0.1,171,random_9,1979433.008440517,1930629.7186656955,2.4655186392628017,57.079871081662425,140,139
300,3,0.05,86,exact_dual,2003272.2123786367,1487126.6595764537,25.76512316263421,1200.3384948887976,115,111
300,3,0.05,86,utilization,2003272.2123786367,1503877.8824592002,24.928930119110863,1161.3821626033407,115,105
300,3,0.05,86,degree_product,2003272.2123786367,1997295.1876900657,0.2983630807454779,13.90005741528138,115,117
300,3,0.05,86,early_price_50,2003272.2123786367,1636520.437260368,18.307635520127175,852.9111049262065,115,108
300,3,0.05,86,random_0,2003272.2123786367,1995599.9531124032,0.38298635696262584,17.842463409845436,115,122
300,3,0.05,86,random_1,2003272.2123786367,1939108.6908957534,3.202935731170406,149.21749182065872,115,123
300,3,0.05,86,random_2,2003272.2123786367,1976847.6529188089,1.3190698346707441,61.452463860064746,115,118
300,3,0.05,86,random_3,2003272.2123786367,1990509.5882106782,0.6370888633654274,29.680521320833737,115,113
300,3,0.05,86,random_4,2003272.2123786367,1980580.6788179267,1.1327234222335991,52.77100828072099,115,115
300,3,0.05,86,random_5,2003272.2123786367,1999372.2624078998,0.19467898304774872,9.0696510947369,115,118
300,3,0.05,86,random_6,2003272.2123786367,1997757.2176255553,0.2752993187347705,12.825569193212445,115,117
300,3,0.05,86,random_7,2003272.2123786367,1977409.5414539247,1.29102129829891,60.14574633653947,115,119
300,3,0.05,86,random_8,2003272.2123786367,1989104.8846993013,0.7072093144302857,32.94727367287296,115,111
300,3,0.05,86,random_9,2003272.2123786367,1948129.0337495662,2.7526552950881724,128.239950300164,115,108
300,3,0.1,171,exact_dual,2003272.2123786367,1438600.739670694,28.18745596423291,660.4344710034417,115,93
300,3,0.1,171,utilization,2003272.2123786367,1391421.3428306624,30.54257258535411,715.615052102894,115,87
300,3,0.1,171,degree_product,2003272.2123786367,1973046.6807652889,1.5088080105428487,35.3514989629799,115,124
300,3,0.1,171,early_price_50,2003272.2123786367,1460886.618684384,27.07498213885956,634.3691154318744,115,97
300,3,0.1,171,random_0,2003272.2123786367,1875165.2445511303,6.394885679335374,149.83271090936418,115,119
300,3,0.1,171,random_1,2003272.2123786367,1941702.3590559475,3.07346415241205,72.01152435402244,115,110
300,3,0.1,171,random_2,2003272.2123786367,1971046.187132987,1.6086693084703323,37.69125759725116,115,112
300,3,0.1,171,random_3,2003272.2123786367,1957761.7541453831,2.2718059958119996,53.228606120764404,115,123
300,3,0.1,171,random_4,2003272.2123786367,1950256.303194765,2.6464655605102165,62.00691132616573,115,115
300,3,0.1,171,random_5,2003272.2123786367,1940252.3726588557,3.1458450494330337,73.70741487693678,115,121
300,3,0.1,171,random_6,2003272.2123786367,1940346.3868704159,3.141152017154185,73.5974567347612,115,110
300,3,0.1,171,random_7,2003272.2123786367,1957241.578086288,2.29777231511104,53.83699917233773,115,115
300,3,0.1,171,random_8,2003272.2123786367,1962855.2844126625,2.01754547965222,47.271260778917195,115,118
300,3,0.1,171,random_9,2003272.2123786367,1929496.4817881892,3.6827611412254373,86.28740419935386,115,119
300,4,0.05,86,exact_dual,2059590.0290809933,1657176.6398958634,19.53851900150683,935.8450911282091,105,88
300,4,0.05,86,utilization,2059590.0290809933,1688137.2317747967,18.035278480734437,863.8437146655733,105,88
300,4,0.05,86,degree_product,2059590.0290809933,2015364.3720953094,2.1473038984082526,102.85036508298566,105,94
300,4,0.05,86,early_price_50,2059590.0290809933,1706961.1308125982,17.12131508161074,820.0672052753374,105,99
300,4,0.05,86,random_0,2059590.0290809933,2008360.5749329405,2.4873617285335055,119.13826546058773,105,108
300,4,0.05,86,random_1,2059590.0290809933,1999553.871836592,2.914956685393837,139.61897033581695,105,100
300,4,0.05,86,random_2,2059590.0290809933,2006373.8442064482,2.5838241651563347,123.75856947568624,105,101
300,4,0.05,86,random_3,2059590.0290809933,2058916.9418473158,0.03268064149532923,1.5653191480872244,105,102
300,4,0.05,86,random_4,2059590.0290809933,2053256.8210012706,0.307498482236712,14.72839088307607,105,99
300,4,0.05,86,random_5,2059590.0290809933,2017938.1321054795,2.0223392222431382,96.86487668724135,105,102
300,4,0.05,86,random_6,2059590.0290809933,2052691.6616581003,0.3349388628556847,16.042714936960337,105,108
300,4,0.05,86,random_7,2059590.0290809933,2058509.7173027943,0.05245275821620539,2.5123529725556457,105,99
300,4,0.05,86,random_8,2059590.0290809933,2032080.1521422218,1.335696743057481,63.97645799714292,105,99
300,4,0.05,86,random_9,2059590.0290809933,1995041.4551789192,3.134049640494528,150.11296256296282,105,102
300,4,0.1,171,exact_dual,2059590.0290809933,1639102.1222662532,20.4160974212118,491.79872142074856,105,78
300,4,0.1,171,utilization,2059590.0290809933,1604769.8564661355,22.08304401326911,531.9534182629916,105,55
300,4,0.1,171,degree_product,2059590.0290809933,2005026.784801214,2.649228414847485,63.81665997635001,105,90
300,4,0.1,171,early_price_50,2059590.0290809933,1649104.4874277546,19.93044906303032,480.1000487172382,105,87
300,4,0.1,171,random_0,2059590.0290809933,2009510.5323356981,2.4315274417812667,58.57251081321067,105,98
300,4,0.1,171,random_1,2059590.0290809933,2018217.9561722635,2.0087528257839913,48.388389366935414,105,102
300,4,0.1,171,random_2,2059590.0290809933,2007427.1109387008,2.5326845345803095,61.00926098513733,105,91
300,4,0.1,171,random_3,2059590.0290809933,1962848.7536327764,4.697113215846341,113.14769058270974,105,99
300,4,0.1,171,random_4,2059590.0290809933,1992699.1069858933,3.247778497206419,78.23499660245606,105,104
300,4,0.1,171,random_5,2059590.0290809933,2038930.8582914886,1.0030719948048572,24.16277285322182,105,91
300,4,0.1,171,random_6,2059590.0290809933,2020840.8269962198,1.8814036549819422,45.320704192717486,105,90
300,4,0.1,171,random_7,2059590.0290809933,2053702.4278494008,0.2858627760117664,6.886083311804064,105,103
300,4,0.1,171,random_8,2059590.0290809933,1991702.7758111104,3.2961537156098366,79.40029622208523,105,88
300,4,0.1,171,random_9,2059590.0290809933,1998240.391552497,2.9787305561908872,71.75396202163313,105,94
300,5,0.05,86,exact_dual,2149884.8063517287,1745672.1558173397,18.80159575713837,940.0294198474164,125,99
300,5,0.05,86,utilization,2149884.8063517287,1854464.5217316,13.741214587280403,687.0239177212297,125,99
300,5,0.05,86,degree_product,2149884.8063517287,2139780.622713716,0.46998721085709594,23.49810148375109,125,124
300,5,0.05,86,early_price_50,2149884.8063517287,1855531.1035958524,13.69160347039166,684.5434947811078,125,108
300,5,0.05,86,random_0,2149884.8063517287,2124100.2004751363,1.1993482534698188,59.964199713005705,125,122
300,5,0.05,86,random_1,2149884.8063517287,2125060.661502764,1.1546732539168112,57.73056941619684,125,120
300,5,0.05,86,random_2,2149884.8063517287,2147544.776564759,0.10884442645745634,5.441929737138453,125,125
300,5,0.05,86,random_3,2149884.8063517287,2118387.859619228,1.4650527618709799,73.24871333139667,125,127
300,5,0.05,86,random_4,2149884.8063517287,2081501.1538353094,3.1808054233595757,159.0317500381844,125,129
300,5,0.05,86,random_5,2149884.8063517287,2118067.141782416,1.4799706698381692,73.99456876584351,125,126
300,5,0.05,86,random_6,2149884.8063517287,2119635.90718918,1.4070009273603736,70.34627712220603,125,128
300,5,0.05,86,random_7,2149884.8063517287,2133201.9723708523,0.7759873427444984,38.79728832761974,125,127
300,5,0.05,86,random_8,2149884.8063517287,2120815.389871169,1.3521383282804593,67.60329414083688,125,123
300,5,0.05,86,random_9,2149884.8063517287,2117440.4207799905,1.5091220457897512,75.4520594691587,125,130
300,5,0.1,171,exact_dual,2149884.8063517287,1706147.1191289132,20.640068059079933,518.9914470442287,125,83
300,5,0.1,171,utilization,2149884.8063517287,1683869.2132210361,21.676305249186957,545.0474773458393,125,77
300,5,0.1,171,degree_product,2149884.8063517287,2131830.523651801,0.8397790731199737,21.116120116874487,125,112
300,5,0.1,171,early_price_50,2149884.8063517287,1713179.8702066776,20.31294583108955,510.7660071871943,125,85
300,5,0.1,171,random_0,2149884.8063517287,2127753.1801357493,1.0294331189556136,25.884942942666033,125,123
300,5,0.1,171,random_1,2149884.8063517287,2125131.021535574,1.1514005189031946,28.951795106613737,125,127
300,5,0.1,171,random_2,2149884.8063517287,2118093.8904644004,1.478726478432874,37.18235776295711,125,123
300,5,0.1,171,random_3,2149884.8063517287,2117763.9627731913,1.4940727746732294,37.56823810355259,125,116
300,5,0.1,171,random_4,2149884.8063517287,2123496.2075890163,1.227442451090804,30.863858202002856,125,118
300,5,0.1,171,random_5,2149884.8063517287,2098559.904229341,2.3873326594406716,60.029125289342296,125,123
300,5,0.1,171,random_6,2149884.8063517287,2073478.947869734,3.5539512747965607,89.36357717192378,125,124
300,5,0.1,171,random_7,2149884.8063517287,2099237.5272391816,2.3558136214048435,59.23658375736511,125,120
300,5,0.1,171,random_8,2149884.8063517287,2078977.7757344563,3.2981781353020008,82.93219955236547,125,122
300,5,0.1,171,random_9,2149884.8063517287,2124766.5748544172,1.168352435586359,29.37804853486725,125,122
300,6,0.05,86,exact_dual,2342745.4585013823,1867193.7267841047,20.298907420419482,1105.9342598076223,105,101
300,6,0.05,86,utilization,2342745.4585013823,1906833.5447713735,18.606883310697135,1013.7486365814157,105,87
300,6,0.05,86,degree_product,2342745.4585013823,2291301.442786845,2.1958858367586074,119.63724584776128,105,105
300,6,0.05,86,early_price_50,2342745.4585013823,1953446.866232657,16.61719547277464,905.34556341564,105,112
300,6,0.05,86,random_0,2342745.4585013823,2328908.706886766,0.5906212117242736,32.17849212701454,105,105
300,6,0.05,86,random_1,2342745.4585013823,2312122.1317487,1.3071555273559885,71.21703895972608,105,104
300,6,0.05,86,random_2,2342745.4585013823,2320946.708542507,0.9304788055301341,50.69476734622122,105,111
300,6,0.05,86,random_3,2342745.4585013823,2314174.691859144,1.2195420778027994,66.44364335404298,105,108
300,6,0.05,86,random_4,2342745.4585013823,2342041.0641223206,0.030067047041134245,1.6381264629340622,105,104
300,6,0.05,86,random_5,2342745.4585013823,2294784.5230572303,2.0472106890704143,111.53705917244648,105,102
300,6,0.05,86,random_6,2342745.4585013823,2289348.0232970845,2.279267472722166,124.18008187045993,105,112
300,6,0.05,86,random_7,2342745.4585013823,2335277.170051808,0.3187836058959478,17.368112673428517,105,107
300,6,0.05,86,random_8,2342745.4585013823,2321795.53823873,0.894246542518272,48.720744796866164,105,110
300,6,0.05,86,random_9,2342745.4585013823,2330975.3121406264,0.5024082457632882,27.37243339710674,105,102
300,6,0.1,171,exact_dual,2342745.4585013823,1805239.8718342048,22.943405341654636,628.6615048738918,105,79
300,6,0.1,171,utilization,2342745.4585013823,1769595.4571000007,24.464885816832048,670.3508788320253,105,61
300,6,0.1,171,degree_product,2342745.4585013823,2258679.6917878413,3.588344026385033,98.32253416788421,105,106
300,6,0.1,171,early_price_50,2342745.4585013823,1863013.365466277,20.477345982861593,561.0901672925206,105,94
300,6,0.1,171,random_0,2342745.4585013823,2324234.9375479943,0.7901208766072625,21.649732109225678,105,102
300,6,0.1,171,random_1,2342745.4585013823,2288408.533772579,2.3193695470254725,63.55195874713841,105,111
300,6,0.1,171,random_2,2342745.4585013823,2284968.453079232,2.4662092594177647,67.57544493818743,105,107
300,6,0.1,171,random_3,2342745.4585013823,2296847.054285429,1.9591716227384688,53.6823441122261,105,110
300,6,0.1,171,random_4,2342745.4585013823,2271301.562358208,3.0495799654169775,83.56011244815703,105,106
300,6,0.1,171,random_5,2342745.4585013823,2270323.497228538,3.0913286379464933,84.7040482723323,105,99
300,6,0.1,171,random_6,2342745.4585013823,2288224.3292881306,2.3272323083758297,63.76740258859841,105,103
300,6,0.1,171,random_7,2342745.4585013823,2269184.527801968,3.1399455042149516,86.03617625662469,105,104
300,6,0.1,171,random_8,2342745.4585013823,2281154.2484591487,2.629018437266869,72.0365029733726,105,105
300,6,0.1,171,random_9,2342745.4585013823,2337822.204527662,0.210148906952506,5.758191782128806,105,103
300,7,0.05,86,exact_dual,2435158.653602937,1866388.4674151966,23.356596718912616,1322.7213632273028,105,87
300,7,0.05,86,utilization,2435158.653602937,1927539.920841724,20.845407013221337,1180.50868084003,105,84
300,7,0.05,86,degree_product,2435158.653602937,2396721.65467489,1.5784186739199666,89.3883696001088,105,103
300,7,0.05,86,early_price_50,2435158.653602937,2071675.045085372,14.926485712944123,845.3107174827089,105,97
300,7,0.05,86,random_0,2435158.653602937,2423486.016032637,0.4793378679056263,27.145668768138776,105,108
300,7,0.05,86,random_1,2435158.653602937,2435020.7842875747,0.0056616153184962026,0.32062631479551107,105,105
300,7,0.05,86,random_2,2435158.653602937,2393535.4199613207,1.7092616770588007,96.79821777120016,105,112
300,7,0.05,86,random_3,2435158.653602937,2401387.2653743736,1.3868249684100336,78.53811215944913,105,104
300,7,0.05,86,random_4,2435158.653602937,2388780.7620246853,1.9045121150374793,107.8555618098872,105,96
300,7,0.05,86,random_5,2435158.653602937,2404681.0048456383,1.2515672731304508,70.87825292394994,105,103
300,7,0.05,86,random_6,2435158.653602937,2397778.4200777253,1.5350225115684173,86.93077564002664,105,103
300,7,0.05,86,random_7,2435158.653602937,2409242.588816425,1.0642454342006773,60.2699181081673,105,107
300,7,0.05,86,random_8,2435158.653602937,2387793.0143879433,1.9450740568756646,110.15264933719408,105,108
300,7,0.05,86,random_9,2435158.653602937,2421423.7052921564,0.5640268362169671,31.941740257628695,105,104
300,7,0.1,171,exact_dual,2435158.653602937,1852967.8612669269,23.907715067132486,680.9249033169707,105,82
300,7,0.1,171,utilization,2435158.653602937,1827650.659015854,24.947368159698545,710.5356661837227,105,58
300,7,0.1,171,degree_product,2435158.653602937,2394678.023711248,1.6623405555853972,47.34576595519174,105,101
300,7,0.1,171,early_price_50,2435158.653602937,1918219.3265437477,21.228158021423038,604.607400069227,105,85
300,7,0.1,171,random_0,2435158.653602937,2364175.109536039,2.914945355279992,83.0216889671317,105,105
300,7,0.1,171,random_1,2435158.653602937,2333526.6916749803,4.173525276375194,118.86779172860402,105,115
300,7,0.1,171,random_2,2435158.653602937,2362399.6032252903,2.987856674964314,85.09830453525902,105,109
300,7,0.1,171,random_3,2435158.653602937,2383791.970735531,2.1093772593176388,60.07799165778472,105,102
300,7,0.1,171,random_4,2435158.653602937,2418457.053813585,0.6858526348844193,19.534034841347008,105,97
300,7,0.1,171,random_5,2435158.653602937,2402061.549717604,1.3591354237377429,38.710063023780805,105,99
300,7,0.1,171,random_6,2435158.653602937,2368028.090489047,2.7567223603508006,78.51527849577738,105,103
300,7,0.1,171,random_7,2435158.653602937,2392560.3900836715,1.7493013630236782,49.82253043188915,105,102
300,7,0.1,171,random_8,2435158.653602937,2399144.735647543,1.478914644929173,42.12154146829696,105,103
300,7,0.1,171,random_9,2435158.653602937,2431823.726989282,0.13694904883181858,3.9004989633391127,105,98
300,8,0.05,86,exact_dual,1637067.5041415996,1276567.4475676217,22.02108683129759,838.3722245906464,95,101
300,8,0.05,86,utilization,1637067.5041415996,1321537.5612164252,19.274094814472747,733.7905649422662,95,88
300,8,0.05,86,degree_product,1637067.5041415996,1635460.15934472,0.09818439330163711,3.7380111555341458,95,95
300,8,0.05,86,early_price_50,1637067.5041415996,1345519.3010272474,17.809174171301276,678.0190770101214,95,98
300,8,0.05,86,random_0,1637067.5041415996,1619182.3992750787,1.0925086974894824,41.59326713144411,95,98
300,8,0.05,86,random_1,1637067.5041415996,1569129.7249784956,4.149968097908544,157.9948352630326,95,99
300,8,0.05,86,random_2,1637067.5041415996,1626401.4998999906,0.6515311197995931,24.804661026997707,95,96
300,8,0.05,86,random_3,1637067.5041415996,1634151.9641582072,0.17809528171663458,6.780325542773164,95,98
300,8,0.05,86,random_4,1637067.5041415996,1634588.4344334477,0.1514335665377392,5.7652783910511065,95,97
300,8,0.05,86,random_5,1637067.5041415996,1635306.176549131,0.10759040711593283,4.096110680159506,95,98
300,8,0.05,86,random_6,1637067.5041415996,1618464.0524754517,1.1363887939308086,43.263841084064914,95,100
300,8,0.05,86,random_7,1637067.5041415996,1590355.589881049,2.85338962152597,108.63235874546659,95,99
300,8,0.05,86,random_8,1637067.5041415996,1637067.5041415996,0.0,0.0,95,95
300,8,0.05,86,random_9,1637067.5041415996,1608512.0930919708,1.7443026006799862,66.4079326735555,95,95
300,8,0.1,171,exact_dual,1637067.5041415996,1263886.7571672278,22.795684724683973,436.468709911546,95,90
300,8,0.1,171,utilization,1637067.5041415996,1226064.3439560297,25.10606063255042,480.7054505094385,95,67
300,8,0.1,171,degree_product,1637067.5041415996,1623927.3810178665,0.8026622659413882,15.36856505699777,95,92
300,8,0.1,171,early_price_50,1637067.5041415996,1258205.5341936874,23.142721298262497,443.11341514375704,95,94
300,8,0.1,171,random_0,1637067.5041415996,1616992.024452705,1.2263073842774326,23.480093203385618,95,90
300,8,0.1,171,random_1,1637067.5041415996,1617211.0600911388,1.2129276282270716,23.223911170129615,95,98
300,8,0.1,171,random_2,1637067.5041415996,1624228.0616064444,0.7842952415018227,15.016891853982713,95,90
300,8,0.1,171,random_3,1637067.5041415996,1621629.8969779378,0.9430037017170287,18.055680893171765,95,93
300,8,0.1,171,random_4,1637067.5041415996,1582543.1042697495,3.330614023790067,63.771227920292574,95,97
300,8,0.1,171,random_5,1637067.5041415996,1602499.969216073,2.1115522016089545,40.429865409972756,95,92
300,8,0.1,171,random_6,1637067.5041415996,1590601.1775324824,2.8383879401162475,54.346580829376855,95,99
300,8,0.1,171,random_7,1637067.5041415996,1624948.9613334273,0.7402591999116542,14.173734278564085,95,90
300,8,0.1,171,random_8,1637067.5041415996,1621288.9394042448,0.9638310391866461,18.454461681116808,95,94
300,8,0.1,171,random_9,1637067.5041415996,1627785.198497608,0.567008117900353,10.856497829229903,95,98
300,9,0.05,86,exact_dual,1646860.0379699338,1325750.2196337704,19.498306530771853,746.7670193864266,100,74
300,9,0.05,86,utilization,1646860.0379699338,1336741.7264608264,18.830884492855073,721.2053756025755,100,80
300,9,0.05,86,degree_product,1646860.0379699338,1623326.844198357,1.428973514991951,54.72835760831801,100,97
300,9,0.05,86,early_price_50,1646860.0379699338,1406918.6345873117,14.569629346182646,558.0032636805166,100,90
300,9,0.05,86,random_0,1646860.0379699338,1590482.919970973,3.4233096133935184,131.10957674176953,100,97
300,9,0.05,86,random_1,1646860.0379699338,1614560.8452505441,1.9612591218865534,75.11440167299926,100,94
300,9,0.05,86,random_2,1646860.0379699338,1597499.4292619422,2.9972558426299503,114.79211327439921,100,101
300,9,0.05,86,random_3,1646860.0379699338,1617780.4064040591,1.7657621713695122,67.62705015319692,100,102
300,9,0.05,86,random_4,1646860.0379699338,1637502.565417479,0.568200838972913,21.761564075476272,100,94
300,9,0.05,86,random_5,1646860.0379699338,1622804.06968643,1.4607172272609947,55.9441122872181,100,100
300,9,0.05,86,random_6,1646860.0379699338,1588438.3368292276,3.547460002291511,135.86442125745626,100,101
300,9,0.05,86,random_7,1646860.0379699338,1621412.999556946,1.5451852511009985,59.17915909997144,100,98
300,9,0.05,86,random_8,1646860.0379699338,1594315.2651331348,3.1906034286660083,122.19714613209078,100,92
300,9,0.05,86,random_9,1646860.0379699338,1601321.692071759,2.765161874612583,105.90312999575562,100,99
300,9,0.1,171,exact_dual,1646860.0379699338,1298223.8708686382,21.169750863045753,407.76159894888383,100,68
300,9,0.1,171,utilization,1646860.0379699338,1245796.4098758833,24.35323092716715,469.0802667766673,100,53
300,9,0.1,171,degree_product,1646860.0379699338,1589712.085648356,3.4701159178058303,66.83971031763487,100,92
300,9,0.1,171,early_price_50,1646860.0379699338,1292228.0829754074,21.53382478280773,414.7742163678672,100,74
300,9,0.1,171,random_0,1646860.0379699338,1605972.2249858312,2.48277400880433,47.822003490178524,100,96
300,9,0.1,171,random_1,1646860.0379699338,1608192.1110422951,2.347978943936501,45.225645529401994,100,92
300,9,0.1,171,random_2,1646860.0379699338,1633033.4431778044,0.8395731557839828,16.171455897227453,100,94
300,9,0.1,171,random_3,1646860.0379699338,1597472.0017015964,2.9989212883699263,57.76378510916655,100,96
300,9,0.1,171,random_4,1646860.0379699338,1576324.0895433528,4.283056653286084,82.49818529424677,100,101
300,9,0.1,171,random_5,1646860.0379699338,1618798.2052782676,1.7039597807144387,32.820856949317196,100,98
300,9,0.1,171,random_6,1646860.0379699338,1546746.091714248,6.079080428661996,117.09233480197165,100,97
300,9,0.1,171,random_7,1646860.0379699338,1617581.4859339239,1.7778409434296134,34.24392050995317,100,94
300,9,0.1,171,random_8,1646860.0379699338,1623263.3152735683,1.4328310938586484,27.598506077620534,100,93
300,9,0.1,171,random_9,1646860.0379699338,1607022.334557698,2.4190096604288978,46.59380516050961,100,95
300,10,0.05,86,exact_dual,2536706.009176315,2124899.1456173942,16.233921552960602,957.6903803695827,107,100
300,10,0.05,86,utilization,2536706.009176315,2195688.4061556575,13.443323813916772,793.0641930712961,107,92
300,10,0.05,86,degree_product,2536706.009176315,2510889.132538085,1.0177323089407924,60.03924799588357,107,107
300,10,0.05,86,early_price_50,2536706.009176315,2285568.248411584,9.900152396701134,584.0413041040247,107,108
300,10,0.05,86,random_0,2536706.009176315,2521460.557459482,0.6009940316963697,35.454538876355386,107,104
300,10,0.05,86,random_1,2536706.009176315,2463519.4696839056,2.8851013569433444,170.2012546335098,107,109
300,10,0.05,86,random_2,2536706.009176315,2512274.0631179227,0.963136680798311,56.81847920556293,107,108
300,10,0.05,86,random_3,2536706.009176315,2512483.338909665,0.9548867775385192,56.331791317789964,107,112
300,10,0.05,86,random_4,2536706.009176315,2533614.5298520774,0.12186983091671973,7.189486800552194,107,108
300,10,0.05,86,random_5,2536706.009176315,2514709.5845399327,0.8671254988481905,51.15447589856313,107,101
300,10,0.05,86,random_6,2536706.009176315,2498225.9503056104,1.5169301736782304,89.48850900163809,107,108
300,10,0.05,86,random_7,2536706.009176315,2534333.8588773874,0.09351301610617849,5.516628602156849,107,107
300,10,0.05,86,random_8,2536706.009176315,2523094.856201398,0.5365680108644617,31.653844127713075,107,112
300,10,0.05,86,random_9,2536706.009176315,2490409.0597283402,1.825081396129443,107.66732429761527,107,109
300,10,0.1,171,exact_dual,2536706.009176315,2099298.650267895,17.243123851409532,511.58755427885376,107,90
300,10,0.1,171,utilization,2536706.009176315,2037489.3275529926,19.679721647579537,583.8791597933592,107,74
300,10,0.1,171,degree_product,2536706.009176315,2496738.8018203294,1.5755553545191086,46.745271761386455,107,110
300,10,0.1,171,early_price_50,2536706.009176315,2162850.4510912886,14.737835473745717,437.25796267254526,107,96
300,10,0.1,171,random_0,2536706.009176315,2524471.116443395,0.48231417786140734,14.309816061894338,107,107
300,10,0.1,171,random_1,2536706.009176315,2490806.856950542,1.8093997514783595,53.683218977512105,107,103
300,10,0.1,171,random_2,2536706.009176315,2473052.9253977174,2.5092810734999595,74.4480512030379,107,107
300,10,0.1,171,random_3,2536706.009176315,2518687.039383991,0.7103294479983722,21.07481847055398,107,104
300,10,0.1,171,random_4,2536706.009176315,2521910.278950497,0.5832654699557415,17.3049476325354,107,102
300,10,0.1,171,random_5,2536706.009176315,2433972.334865473,4.049884927114589,120.15634422320655,107,109
300,10,0.1,171,random_6,2536706.009176315,2521496.314110942,0.599584461516347,17.789117035523535,107,109
300,10,0.1,171,random_7,2536706.009176315,2505633.9934971193,1.2248962066079077,36.341538806076635,107,107
300,10,0.1,171,random_8,2536706.009176315,2467034.282349976,2.7465432168452937,81.48739979688776,107,109
300,10,0.1,171,random_9,2536706.009176315,2469640.7473820695,2.64379323231161,78.43890268332788,107,107
300,11,0.05,86,exact_dual,2415425.062856845,1996034.4990074756,17.363012841861263,975.3268926729523,108,97
300,11,0.05,86,utilization,2415425.062856845,2036890.8502502611,15.671536179179679,880.3121223408929,108,110
300,11,0.05,86,degree_product,2415425.062856845,2413023.8840156663,0.09941019815116002,5.584136839950631,108,108
300,11,0.05,86,early_price_50,2415425.062856845,2134498.2786107063,11.630531974106143,653.3181028979972,108,117
300,11,0.05,86,random_0,2415425.062856845,2403356.6260652887,0.49964029011450567,28.066132073387028,108,107
300,11,0.05,86,random_1,2415425.062856845,2383209.497586039,1.3337431065943823,74.91991923443301,108,110
300,11,0.05,86,random_2,2415425.062856845,2411339.95107764,0.16912599947826026,9.500259951639617,108,105
300,11,0.05,86,random_3,2415425.062856845,2378965.12515349,1.5094625895879463,84.7905527985005,108,107
300,11,0.05,86,random_4,2415425.062856845,2399519.6247227304,0.6584943734624729,36.989391009569125,108,114
300,11,0.05,86,random_5,2415425.062856845,2411526.8575143176,0.16138796448178255,9.065593819831346,108,106
300,11,0.05,86,random_6,2415425.062856845,2404607.6968411556,0.44784523362091816,25.156665152766156,108,103
300,11,0.05,86,random_7,2415425.062856845,2408798.677397193,0.27433620531430647,15.41019874337714,108,104
300,11,0.05,86,random_8,2415425.062856845,2381620.69199185,1.3995205806556117,78.61481596510532,108,109
300,11,0.05,86,random_9,2415425.062856845,2373385.030113679,1.7404817640437718,97.76751800736326,108,103
300,11,0.1,171,exact_dual,2415425.062856845,1956213.2054970674,19.011637513467075,537.0898916488628,108,93
300,11,0.1,171,utilization,2415425.062856845,1930395.2990371068,20.080513830806623,567.2862734733782,108,79
300,11,0.1,171,degree_product,2415425.062856845,2400903.7368548834,0.6011913275747255,16.984007019838263,108,106
300,11,0.1,171,early_price_50,2415425.062856845,1998607.9525864993,17.256470369540473,487.50539212905943,108,111
300,11,0.1,171,random_0,2415425.062856845,2384346.1953602643,1.2866831587738132,36.349552627579904,108,113
300,11,0.1,171,random_1,2415425.062856845,2365505.934695746,2.066680888955313,58.38494521765997,108,111
300,11,0.1,171,random_2,2415425.062856845,2363699.52148245,2.1414674447907207,60.49770920981887,108,108
300,11,0.1,171,random_3,2415425.062856845,2342312.3164088125,3.02691015226771,85.51198414974569,108,99
300,11,0.1,171,random_4,2415425.062856845,2382264.125976124,1.3728820401283794,38.784721497919584,108,106
300,11,0.1,171,random_5,2415425.062856845,2382777.7753031338,1.3516166597649582,38.18396205112436,108,108
300,11,0.1,171,random_6,2415425.062856845,2358590.2166192224,2.3529956325948373,66.4735043714885,108,101
300,11,0.1,171,random_7,2415425.062856845,2363807.2680707285,2.1370066734782327,60.37168980832348,108,100
300,11,0.1,171,random_8,2415425.062856845,2357594.330359884,2.394225901943805,67.63828362217663,108,108
300,11,0.1,171,random_9,2415425.062856845,2351054.155591627,2.664992934580353,75.28761083651226,108,98
300,12,0.05,86,exact_dual,2206033.8093374246,1746515.0934450405,20.830084921971302,1068.6481764939165,127,101
300,12,0.05,86,utilization,2206033.8093374246,1805544.544461995,18.154266864827218,931.3703834312319,127,110
300,12,0.05,86,degree_product,2206033.8093374246,2205699.2029275573,0.015167782490504628,0.7781544415518468,127,125
300,12,0.05,86,early_price_50,2206033.8093374246,1904122.4581857766,13.685708254957621,702.1194212829023,127,126
300,12,0.05,86,random_0,2206033.8093374246,2193692.684945462,0.55942589545667,28.70028928363436,127,129
300,12,0.05,86,random_1,2206033.8093374246,2182790.0670507904,1.053643973553395,54.055214620079454,127,124
300,12,0.05,86,random_2,2206033.8093374246,2199994.652514106,0.273756313151533,14.044550751903376,127,125
300,12,0.05,86,random_3,2206033.8093374246,2180190.8549148873,1.1714668339692893,60.09989400590055,127,126
300,12,0.05,86,random_4,2206033.8093374246,2189757.7009264817,0.737799590470978,37.85141490916938,127,130
300,12,0.05,86,random_5,2206033.8093374246,2192702.7705796915,0.604298932378421,31.0024157156583,127,129
300,12,0.05,86,random_6,2206033.8093374246,2171685.887517305,1.5569988852725598,79.87888795376625,127,124
300,12,0.05,86,random_7,2206033.8093374246,2194433.5616956544,0.5258417886738675,26.977320097139927,127,125
300,12,0.05,86,random_8,2206033.8093374246,2196707.1575235086,0.4227791874466857,21.689887939339375,127,128
300,12,0.05,86,random_9,2206033.8093374246,2186812.2864176636,0.8713158809444603,44.70121609246748,127,125
300,12,0.1,171,exact_dual,2206033.8093374246,1675365.916623153,24.055292827704033,620.664202004996,127,89
300,12,0.1,171,utilization,2206033.8093374246,1642676.1210937551,25.537128481855504,658.8978809867479,127,80
300,12,0.1,171,degree_product,2206033.8093374246,2187357.596136826,0.8465968708887481,21.843524211226303,127,125
300,12,0.1,171,early_price_50,2206033.8093374246,1719070.1052666185,22.074172300063893,569.5481918956796,127,103
300,12,0.1,171,random_0,2206033.8093374246,2179926.922996388,1.1834309261505782,30.534369989516684,127,125
300,12,0.1,171,random_1,2206033.8093374246,2150712.630174639,2.5077212746526745,64.70313352372563,127,123
300,12,0.1,171,random_2,2206033.8093374246,2146208.369666074,2.711900398721406,69.97127446941596,127,118
300,12,0.1,171,random_3,2206033.8093374246,2124450.8562938045,3.6981732872046638,95.41865853054983,127,116
300,12,0.1,171,random_4,2206033.8093374246,2141123.203458721,2.9424121064671924,75.91883728503365,127,121
300,12,0.1,171,random_5,2206033.8093374246,2142107.7630357775,2.8977818033009695,74.7673056159615,127,130
300,12,0.1,171,random_6,2206033.8093374246,2106049.1455004876,4.532326903320082,116.94112729466308,127,128
300,12,0.1,171,random_7,2206033.8093374246,2161143.3745883857,2.034893325706626,52.503432455016245,127,128
300,12,0.1,171,random_8,2206033.8093374246,2156333.6134683066,2.2529208599955806,58.12888405744793,127,122
300,12,0.1,171,random_9,2206033.8093374246,2188852.316719358,0.7788408566243658,20.095313003586813,127,125
300,13,0.05,86,exact_dual,2433164.379649056,2007347.455020984,17.500540785061517,990.2719177397028,108,78
300,13,0.05,86,utilization,2433164.379649056,2026131.5633535015,16.728537525042285,946.5879448733829,108,84
300,13,0.05,86,degree_product,2433164.379649056,2410300.5344475843,0.939675321269069,53.17173302667865,108,101
300,13,0.05,86,early_price_50,2433164.379649056,2144160.8412691616,11.877682445013377,672.1012520462665,108,92
300,13,0.05,86,random_0,2433164.379649056,2396993.791572726,1.4865657404349832,84.11764668914013,108,105
300,13,0.05,86,random_1,2433164.379649056,2429194.5129714264,0.1631565343810577,9.232248087511072,108,98
300,13,0.05,86,random_2,2433164.379649056,2423365.4107083837,0.4027253161615741,22.78829986202899,108,107
300,13,0.05,86,random_3,2433164.379649056,2423906.624201059,0.38048212136545106,21.529663832551734,108,103
300,13,0.05,86,random_4,2433164.379649056,2409160.8611875544,0.9865144608505161,55.82213595698068,108,104
300,13,0.05,86,random_5,2433164.379649056,2426462.103051592,0.275455150236528,15.586689761544166,108,107
300,13,0.05,86,random_6,2433164.379649056,2414719.4952539396,0.7580615822502237,42.89507998864296,108,100
300,13,0.05,86,random_7,2433164.379649056,2403334.260638516,1.2259804253275604,69.37236979195393,108,105
300,13,0.05,86,random_8,2433164.379649056,2412350.0386416838,0.8554432730259881,48.40544420319154,108,108
300,13,0.05,86,random_9,2433164.379649056,2413509.9389232867,0.8077728282626022,45.708001687835775,108,106
300,13,0.1,171,exact_dual,2433164.379649056,1974724.008707388,18.841323454183993,536.1875683528282,108,83
300,13,0.1,171,utilization,2433164.379649056,1945585.5401346588,20.03887791521601,570.2676485548507,108,63
300,13,0.1,171,degree_product,2433164.379649056,2407596.837896175,1.0507938537456563,29.90355760570866,108,95
300,13,0.1,171,early_price_50,2433164.379649056,2021195.3867346018,16.93140818434446,481.8350794321103,108,80
300,13,0.1,171,random_0,2433164.379649056,2398097.3932446237,1.4412090978206036,41.0140191864707,108,101
300,13,0.1,171,random_1,2433164.379649056,2417669.132137715,0.6368352110093018,18.123096504492676,108,104
300,13,0.1,171,random_2,2433164.379649056,2392987.9659526926,1.6512001421851472,46.989957539606515,108,97
300,13,0.1,171,random_3,2433164.379649056,2352499.582690168,3.315221841712253,94.34479176478123,108,95
300,13,0.1,171,random_4,2433164.379649056,2367539.200834945,2.697112425407799,76.75459510422371,108,105
300,13,0.1,171,random_5,2433164.379649056,2412012.8220577855,0.8693024510872307,24.738663849439362,108,103
300,13,0.1,171,random_6,2433164.379649056,2384170.9866249464,2.0135669186138694,57.30221406328628,108,103
300,13,0.1,171,random_7,2433164.379649056,2395721.5192241315,1.5388545360147496,43.792819210438175,108,98
300,13,0.1,171,random_8,2433164.379649056,2365912.727326564,2.7639584437855382,78.65690330116034,108,96
300,13,0.1,171,random_9,2433164.379649056,2410501.161328627,0.9314298084413895,26.506688094069386,108,95
300,14,0.05,86,exact_dual,2880977.790866597,2563330.6438766485,11.025671492399823,738.7142953254618,100,72
300,14,0.05,86,utilization,2880977.790866597,2565120.6001256043,10.963541327612354,734.5516063744018,100,71
300,14,0.05,86,degree_product,2880977.790866597,2871899.5459555304,0.3151098540171665,21.112197467597028,100,97
300,14,0.05,86,early_price_50,2880977.790866597,2656238.16477441,7.800810780446368,522.6502932376445,100,89
300,14,0.05,86,random_0,2880977.790866597,2873615.6840177653,0.2555419507977962,17.121178718213383,100,95
300,14,0.05,86,random_1,2880977.790866597,2857606.288031269,0.8112350921073254,54.35233217518192,100,98
300,14,0.05,86,random_2,2880977.790866597,2872583.9230112415,0.29135482689128045,19.52062291943165,100,97
300,14,0.05,86,random_3,2880977.790866597,2874299.083445703,0.23182085755978674,15.531877723009174,100,101
300,14,0.05,86,random_4,2880977.790866597,2851769.993933095,1.0138154145477207,67.92510914767898,100,96
300,14,0.05,86,random_5,2880977.790866597,2873962.7821765766,0.24349402179564955,16.313973697722176,100,97
300,14,0.05,86,random_6,2880977.790866597,2851307.6650231485,1.0298630533532784,69.0002926591827,100,99
300,14,0.05,86,random_7,2880977.790866597,2880332.544249322,0.022396792482082976,1.5005735285471864,100,99
300,14,0.05,86,random_8,2880977.790866597,2850896.006947226,1.0441518853334377,69.95763702179349,100,100
300,14,0.05,86,random_9,2880977.790866597,2879523.9937473885,0.050461934271673434,3.3809235330432825,100,101
300,14,0.1,171,exact_dual,2880977.790866597,2546951.8341062753,11.594187147824103,390.6736336378032,100,61
300,14,0.1,171,utilization,2880977.790866597,2476235.4465751746,14.048783908524202,473.38285882037724,100,46
300,14,0.1,171,degree_product,2880977.790866597,2858752.314990201,0.7714559947964973,25.99470862736381,100,93
300,14,0.1,171,early_price_50,2880977.790866597,2546916.4570386196,11.595415101325443,390.7150103251199,100,68
300,14,0.1,171,random_0,2880977.790866597,2822323.7631982174,2.0359069706933286,68.6012019513213,100,97
300,14,0.1,171,random_1,2880977.790866597,2820355.742242776,2.1042178393741153,70.90298084657454,100,91
300,14,0.1,171,random_2,2880977.790866597,2854617.9712977144,0.914960873785621,30.830198326178593,100,92
300,14,0.1,171,random_3,2880977.790866597,2847041.5060819644,1.1779432973145105,39.691561151617236,100,100
300,14,0.1,171,random_4,2880977.790866597,2854272.2911601546,0.9269595826495234,31.234502580634466,100,99
300,14,0.1,171,random_5,2880977.790866597,2839702.3866914436,1.4326873433737175,48.27532652064733,100,91
300,14,0.1,171,random_6,2880977.790866597,2809773.2084522513,2.4715422187592604,83.28021335011206,100,98
300,14,0.1,171,random_7,2880977.790866597,2833472.345041864,1.6489348156496335,55.56192494120819,100,102
300,14,0.1,171,random_8,2880977.790866597,2774884.3679279257,3.682549142690842,124.08587478207184,100,97
300,14,0.1,171,random_9,2880977.790866597,2858158.0580522898,0.792082913191884,26.689745981645995,100,92
300,15,0.05,86,exact_dual,1989254.3968349202,1646322.090784182,17.239238309407472,797.5169908156699,81,92
300,15,0.05,86,utilization,1989254.3968349202,1639834.3426398202,17.565378000473856,812.604777197907,81,90
300,15,0.05,86,degree_product,1989254.3968349202,1983450.7631404237,0.2917491952628365,13.496822545340631,81,81
300,15,0.05,86,early_price_50,1989254.3968349202,1729674.7289857653,13.0490935831118,603.6736461608253,81,88
300,15,0.05,86,random_0,1989254.3968349202,1959645.051992144,1.4884644663793267,68.85894149482834,81,80
300,15,0.05,86,random_1,1989254.3968349202,1987982.3150429735,0.06394766772770034,2.9583297487131732,81,80
300,15,0.05,86,random_2,1989254.3968349202,1963115.4953092055,1.3140049642370515,60.78814308305736,81,83
300,15,0.05,86,random_3,1989254.3968349202,1983450.6717603558,0.29175378894718446,13.497035057126372,81,87
300,15,0.05,86,random_4,1989254.3968349202,1985796.1751622255,0.17384511896502536,8.042375983010848,81,85
300,15,0.05,86,random_5,1989254.3968349202,1952849.5980532216,1.8300725558089417,84.6623227481362,81,82
300,15,0.05,86,random_6,1989254.3968349202,1979261.165371539,0.5023606573036211,23.240073170653694,81,81
300,15,0.05,86,random_7,1989254.3968349202,1967826.480787999,1.0771832944551927,49.83236289981666,81,84
300,15,0.05,86,random_8,1989254.3968349202,1981452.9697770947,0.3921784498874682,18.142853622849987,81,83
300,15,0.05,86,random_9,1989254.3968349202,1989254.3968349204,-1.170441769661657e-14,-5.41466613148534e-13,81,81
300,15,0.1,171,exact_dual,1989254.3968349202,1636000.6795595647,17.758096593246865,413.16224242731636,81,88
300,15,0.1,171,utilization,1989254.3968349202,1596122.711592756,19.76276568083356,459.80314063411015,81,67
300,15,0.1,171,degree_product,1989254.3968349202,1983313.2460805443,0.29866219040806175,6.948714332603332,81,79
300,15,0.1,171,early_price_50,1989254.3968349202,1638450.6355401578,17.63493708260352,410.29679683597936,81,83
300,15,0.1,171,random_0,1989254.3968349202,1968310.9860055246,1.052827172970855,24.495217344322246,81,77
300,15,0.1,171,random_1,1989254.3968349202,1973472.504255045,0.7933571797043946,18.458353894590864,81,81
300,15,0.1,171,random_2,1989254.3968349202,1965989.7415440734,1.1695163438051381,27.210123147189137,81,79
300,15,0.1,171,random_3,1989254.3968349202,1933710.8495604948,2.792179188483891,64.96321318646245,81,85
300,15,0.1,171,random_4,1989254.3968349202,1953869.6893287324,1.7787924743304793,41.38562281425465,81,84
300,15,0.1,171,random_5,1989254.3968349202,1963941.987632627,1.2724571197413235,29.605156961746502,81,92
300,15,0.1,171,random_6,1989254.3968349202,1953777.2116829446,1.783441334020573,41.493783803480234,81,86
300,15,0.1,171,random_7,1989254.3968349202,1946647.4150794963,2.141856859696543,49.83272719932611,81,88
300,15,0.1,171,random_8,1989254.3968349202,1942787.342007285,2.335903085174444,54.347432546941725,81,82
300,15,0.1,171,random_9,1989254.3968349202,1951512.8176380307,1.8972726292293038,44.14219789109874,81,80
300,16,0.05,86,exact_dual,1660448.1555787884,1256651.961730684,24.31850657254347,939.0609159258242,120,82
300,16,0.05,86,utilization,1660448.1555787884,1295892.0957430007,21.95528108546774,847.8047903157852,120,90
300,16,0.05,86,degree_product,1660448.1555787884,1656337.194120033,0.2475814402842618,9.560375485477731,120,112
300,16,0.05,86,early_price_50,1660448.1555787884,1303264.5120474275,21.511279489895074,830.6596361194439,120,109
300,16,0.05,86,random_0,1660448.1555787884,1640838.8065449435,1.1809672568192644,45.603137288011375,120,109
300,16,0.05,86,random_1,1660448.1555787884,1637950.7293173193,1.3549008552830735,52.319595956904706,120,121
300,16,0.05,86,random_2,1660448.1555787884,1624893.5141588212,2.141267783670955,82.68521260457482,120,109
300,16,0.05,86,random_3,1660448.1555787884,1649176.1237511062,0.6788547892814534,26.21402750623759,120,122
300,16,0.05,86,random_4,1660448.1555787884,1598171.2824020253,3.7506063027336736,144.8299376203792,120,115
300,16,0.05,86,random_5,1660448.1555787884,1632350.7773124676,1.6921563116511031,65.3427401542344,120,111
300,16,0.05,86,random_6,1660448.1555787884,1645197.303657633,0.9184780548501562,35.46709749105895,120,112
300,16,0.05,86,random_7,1660448.1555787884,1655256.3200045153,0.31267676481373086,12.07403621923958,120,113
300,16,0.05,86,random_8,1660448.1555787884,1594048.9230244542,3.9988741793139093,154.4168198938005,120,111
300,16,0.05,86,random_9,1660448.1555787884,1651575.709826733,0.5343404262424974,20.633594772221823,120,115
300,16,0.1,171,exact_dual,1660448.1555787884,1218424.1799962209,26.620763442535164,516.9871059445234,120,67
300,16,0.1,171,utilization,1660448.1555787884,1194321.1852023418,28.07235918871355,545.1777431303469,120,60
300,16,0.1,171,degree_product,1660448.1555787884,1650405.5995347432,0.6048099731571907,11.745679583678523,120,111
300,16,0.1,171,early_price_50,1660448.1555787884,1239452.538720739,25.354336745991407,492.39253433689976,120,84
300,16,0.1,171,random_0,1660448.1555787884,1538525.0547436543,7.342782755697354,142.6001179358293,120,116
300,16,0.1,171,random_1,1660448.1555787884,1565019.1115605882,5.7471860050298345,111.61291698035103,120,108
300,16,0.1,171,random_2,1660448.1555787884,1610963.705880847,2.9801863750869315,57.87654935431732,120,100
300,16,0.1,171,random_3,1660448.1555787884,1607224.028633839,3.2054073333230244,62.25044087128583,120,109
300,16,0.1,171,random_4,1660448.1555787884,1658088.3460554318,0.1421188319206537,2.7600111384287866,120,115
300,16,0.1,171,random_5,1660448.1555787884,1649810.9725614104,0.6406212070903312,12.441149727927456,120,115
300,16,0.1,171,random_6,1660448.1555787884,1635709.866781503,1.4898561399926573,28.93367110793615,120,110
300,16,0.1,171,random_7,1660448.1555787884,1505612.515315909,9.324930726843911,181.09431609693502,120,115
300,16,0.1,171,random_8,1660448.1555787884,1587249.4200242183,4.408372240267565,85.61255620417556,120,109
300,16,0.1,171,random_9,1660448.1555787884,1575081.9006873327,5.141157500439947,99.84357297246274,120,108
300,17,0.05,86,exact_dual,2049691.0518471643,1746219.4429508322,14.805724434560322,705.7479276658886,105,88
300,17,0.05,86,utilization,2049691.0518471643,1787889.0921084012,12.77275224004268,608.8417668343327,105,85
300,17,0.05,86,degree_product,2049691.0518471643,2043258.5360654641,0.31382855362046963,14.95933902720964,105,107
300,17,0.05,86,early_price_50,2049691.0518471643,1815529.3686866704,11.424242836473786,544.5620538616135,105,89
300,17,0.05,86,random_0,2049691.0518471643,2048592.5116883817,0.05359540198961326,2.5547445553084187,105,103
300,17,0.05,86,random_1,2049691.0518471643,2029341.486054542,0.9928113690247816,47.32457161074948,105,106
300,17,0.05,86,random_2,2049691.0518471643,2042285.456390115,0.361303009562122,17.222315016393765,105,103
300,17,0.05,86,random_3,2049691.0518471643,2012073.78616935,1.8352651558835664,87.48201320421947,105,97
300,17,0.05,86,random_4,2049691.0518471643,2006561.6000794445,2.1041928113435397,100.30105062260422,105,104
300,17,0.05,86,random_5,2049691.0518471643,2019400.383802773,1.4778162795360612,70.44341405672401,105,101
300,17,0.05,86,random_6,2049691.0518471643,2043902.6147474814,0.28240534564789044,13.461481627169455,105,101
300,17,0.05,86,random_7,2049691.0518471643,2022018.5870614413,1.3500797966983769,64.35456926912329,105,110
300,17,0.05,86,random_8,2049691.0518471643,2032335.8842536989,0.8467211474541536,40.36085486852423,105,105
300,17,0.05,86,random_9,2049691.0518471643,2043807.8979569501,0.28702637331183706,13.68175323305619,105,104
300,17,0.1,171,exact_dual,2049691.0518471643,1709052.0081221322,16.619043314749856,398.4082382748914,105,81
300,17,0.1,171,utilization,2049691.0518471643,1670652.6553617027,18.492464810434498,443.3197619713001,105,67
300,17,0.1,171,degree_product,2049691.0518471643,2033882.4597442262,0.7712670691854525,18.489581406945145,105,100
300,17,0.1,171,early_price_50,2049691.0518471643,1728604.5398720694,15.665117515429188,375.5397800878303,105,79
300,17,0.1,171,random_0,2049691.0518471643,2022935.5286273472,1.3053441978831508,31.29300961382115,105,108
300,17,0.1,171,random_1,2049691.0518471643,2000150.550131201,2.416974093306294,57.942107270132446,105,105
300,17,0.1,171,random_2,2049691.0518471643,2021479.3505753058,1.376387980346325,32.99614183843103,105,100
300,17,0.1,171,random_3,2049691.0518471643,2041583.6796502883,0.39554118117311793,9.48230666301284,105,101
300,17,0.1,171,random_4,2049691.0518471643,2016720.324706354,1.6085705751165473,38.562253965860045,105,105
300,17,0.1,171,random_5,2049691.0518471643,2006278.4111923424,2.1180089855834017,50.77501830973319,105,106
300,17,0.1,171,random_6,2049691.0518471643,2032228.3539569904,0.8519673184130184,20.424208058682897,105,96
300,17,0.1,171,random_7,2049691.0518471643,1978463.1045737765,3.475057726831455,83.30754067062901,105,103
300,17,0.1,171,random_8,2049691.0518471643,1999055.0970738553,2.470418882283564,59.22333891615081,105,106
300,17,0.1,171,random_9,2049691.0518471643,2037183.7982095438,0.6102018948830873,14.628366827626293,105,97
300,18,0.05,86,exact_dual,2471926.7582732188,2045706.9464534333,17.242412639989556,991.2088646971756,102,87
300,18,0.05,86,utilization,2471926.7582732188,2098655.707995618,15.100408983733464,868.0722099479082,102,90
300,18,0.05,86,degree_product,2471926.7582732188,2397586.6309922864,3.007375806428148,172.8840169324009,102,99
300,18,0.05,86,early_price_50,2471926.7582732188,2168172.9300094997,12.288140303797205,706.404251776091,102,117
300,18,0.05,86,random_0,2471926.7582732188,2464838.776870622,0.28673913492276293,16.483677680457962,102,100
300,18,0.05,86,random_1,2471926.7582732188,2462873.4755071145,0.3662439728767871,21.05414596768421,102,103
300,18,0.05,86,random_2,2471926.7582732188,2453820.0843603113,0.7324923302159658,42.108543983505776,102,105
300,18,0.05,86,random_3,2471926.7582732188,2436509.845551068,1.4327654572941926,82.36491330732743,102,106
300,18,0.05,86,random_4,2471926.7582732188,2462941.2349752346,0.36350281285279873,20.89656580926547,102,100
300,18,0.05,86,random_5,2471926.7582732188,2428496.5995985144,1.7569354969498696,101.00036901094042,102,106
300,18,0.05,86,random_6,2471926.7582732188,2424889.8864382934,1.9028424558898867,109.38807403471017,102,107
300,18,0.05,86,random_7,2471926.7582732188,2458884.1386919734,0.5276296936223289,30.331673444756632,102,103
300,18,0.05,86,random_8,2471926.7582732188,2446822.1820071763,1.0155873826771225,58.38273550242424,102,104
300,18,0.05,86,random_9,2471926.7582732188,2445259.558993934,1.0788021607045155,62.01674250996412,102,102
300,18,0.1,171,exact_dual,2471926.7582732188,2013507.0621542162,18.54503555110325,536.1633872736871,102,87
300,18,0.1,171,utilization,2471926.7582732188,1969249.0006524562,20.335463255064706,587.9272018956287,102,74
300,18,0.1,171,degree_product,2471926.7582732188,2383357.4708785694,3.5830061347173583,103.58980981830334,102,97
300,18,0.1,171,early_price_50,2471926.7582732188,2065844.7195564245,16.427753668578173,474.94975288513945,102,106
300,18,0.1,171,random_0,2471926.7582732188,2431781.314364811,1.624054748954281,46.95373556538926,102,102
300,18,0.1,171,random_1,2471926.7582732188,2424515.189984502,1.9180005285365584,55.452126653470124,102,106
300,18,0.1,171,random_2,2471926.7582732188,2427044.3235281855,1.8156862696201486,52.49407572518511,102,108
300,18,0.1,171,random_3,2471926.7582732188,2454691.559918147,0.6972374200565504,20.158126731078028,102,103
300,18,0.1,171,random_4,2471926.7582732188,2398797.790537789,2.9583792274862746,85.53095641570732,102,106
300,18,0.1,171,random_5,2471926.7582732188,2428985.424304212,1.737160448839663,50.22378241989097,102,93
300,18,0.1,171,random_6,2471926.7582732188,2451122.9227182525,0.8416040437014768,24.331971409317237,102,102
300,18,0.1,171,random_7,2471926.7582732188,2423034.5665161796,1.9778980745850714,57.183850008232945,102,103
300,18,0.1,171,random_8,2471926.7582732188,2395867.572109055,3.076919083852454,88.95811247270642,102,112
300,18,0.1,171,random_9,2471926.7582732188,2351751.63091599,4.861597414042227,140.55570451137854,102,108
300,19,0.05,86,exact_dual,1849706.5946411935,1476957.4679108947,20.15179746940378,866.858434256509,112,81
300,19,0.05,86,utilization,1849706.5946411935,1503075.4447942255,18.73979099448513,806.1189531324837,112,77
300,19,0.05,86,degree_product,1849706.5946411935,1848153.764305828,0.08395008915815791,3.6112333380595545,112,112
300,19,0.05,86,early_price_50,1849706.5946411935,1614443.1741505119,12.718958843108743,547.1242336992597,112,109
300,19,0.05,86,random_0,1849706.5946411935,1832389.862259273,0.9361880652904125,40.271470655629216,112,108
300,19,0.05,86,random_1,1849706.5946411935,1818579.5247893797,1.682811205949767,72.38853453910195,112,111
300,19,0.05,86,random_2,1849706.5946411935,1825153.8282510568,1.3273870818901106,57.09945672124808,112,107
300,19,0.05,86,random_3,1849706.5946411935,1847310.9786204875,0.12951329836020392,5.571200048153527,112,109
300,19,0.05,86,random_4,1849706.5946411935,1806684.1043285592,2.3259089002155924,100.05230305263784,112,107
300,19,0.05,86,random_5,1849706.5946411935,1838659.10221007,0.597256476412493,25.691842863077927,112,112
300,19,0.05,86,random_6,1849706.5946411935,1823298.4686854382,1.4276926963585816,61.41424640873339,112,115
300,19,0.05,86,random_7,1849706.5946411935,1795420.9632726551,2.9348239080624947,126.24565434543806,112,111
300,19,0.05,86,random_8,1849706.5946411935,1841649.530777442,0.4355860484626963,18.737357822677858,112,112
300,19,0.05,86,random_9,1849706.5946411935,1842309.3537486393,0.399914284459211,17.2028857966376,112,115
300,19,0.1,171,exact_dual,1849706.5946411935,1437590.6730461353,22.280069865621066,482.0069258421733,112,69
300,19,0.1,171,utilization,1849706.5946411935,1410274.559071823,23.756850780683493,513.9555971571584,112,67
300,19,0.1,171,degree_product,1849706.5946411935,1831343.1204556432,0.9927776782951084,21.47774758543901,112,106
300,19,0.1,171,early_price_50,1849706.5946411935,1473705.8622841043,20.327587815624664,439.76693842934407,112,86
300,19,0.1,171,random_0,1849706.5946411935,1834474.8100068553,0.8234703102895565,17.81495278869968,112,108
300,19,0.1,171,random_1,1849706.5946411935,1790145.9933100129,3.220002648189414,69.66152202477271,112,107
300,19,0.1,171,random_2,1849706.5946411935,1815855.8366588086,1.8300609448252119,39.59152980395892,112,107
300,19,0.1,171,random_3,1849706.5946411935,1789041.5891573003,3.279709639336666,70.95322278817919,112,102
300,19,0.1,171,random_4,1849706.5946411935,1798824.368717646,2.750826864701624,59.51137534917839,112,106
300,19,0.1,171,random_5,1849706.5946411935,1787462.2577881108,3.3650924440347216,72.80039398021376,112,103
300,19,0.1,171,random_6,1849706.5946411935,1831219.6148730484,0.9994547146938858,21.62219855923407,112,116
300,19,0.1,171,random_7,1849706.5946411935,1804946.1979143193,2.419864688624133,52.35134120102242,112,100
300,19,0.1,171,random_8,1849706.5946411935,1819303.9136171504,1.6436488420446294,35.558691256190784,112,104
300,19,0.1,171,random_9,1849706.5946411935,1823854.2028782815,1.3976482452843768,30.236715512177824,112,104
